1.6196e+05,80644,10.001,67713,92720,2.0367e+05,60782,10,23310,54884,0,0,0,0,0,0,0,0,0,0,0,0,0,0,0,0,0,0,0,0,0,0,0,0,0,0,0,0,0,0,0,0,0,0,0,0,0,0,0,0,4.4545e+05,52306,56728,1.0189e+05,3.0115e+05,5.2681e+05,2.4656e+05,98873,54387,23634,0,0,0,0,0,0,0,0,0,0,0,0,0,0,0,0,0,0,0,0,0,0,0,0,0,0,0,0,0,0,0,0,0,0,0,0,0,0,0,0,4.4446e+05,51965,56080,2.0377e+05,1.696e+05,4.6149e+05,4.9311e+05,98873,41232,35589
1.7196e+05,83515,10.007,1.7815e+05,96342,2.0367e+05,1.7783e+05,10.001,20133,54884,0,0,0,0,0,0,0,0,0,0,0,0,0,0,0,0,0,0,0,0,0,0,0,0,0,0,0,0,0,0,0,0,0,0,0,0,0,0,0,0,4.4545e+05,52306,56728,1.303e+05,3.1542e+05,5.2681e+05,2.4656e+05,98873,56623,23634,0,0,0,0,0,0,0,0,0,0,0,0,0,0,0,0,0,0,0,0,0,0,0,0,0,0,0,0,0,0,0,0,0,0,0,0,0,0,0,0,4.4446e+05,51965,56080,2.4648e+05,1.8141e+05,4.6149e+05,4.9311e+05,98873,41232,36717
27264,29025,10.005,3.0404e+05,96342,1.0381e+05,2.7824e+05,10.018,17222,54884,0,0,0,0,0,0,0,0,0,0,0,0,0,0,0,0,0,0,0,0,0,0,0,0,0,0,0,0,0,0,0,0,0,0,0,0,0,0,0,0,4.4545e+05,52306,56728,1.1082e+05,3.1542e+05,5.2681e+05,2.4656e+05,98873,56623,23634,0,0,0,0,0,0,0,0,0,0,0,0,0,0,0,0,0,0,0,0,0,0,0,0,0,0,0,0,0,0,0,0,0,0,0,0,0,0,0,0,4.4446e+05,51965,56080,2.2164e+05,1.8141e+05,4.6149e+05,4.9311e+05,98873,41232,36717
2.2144e+05,84008,10.378,2.5184e+05,96342,1.5884e+05,2.0731e+05,10.017,17222,54884,0,0,0,0,0,0,0,0,0,0,0,0,0,0,0,0,0,0,0,0,0,0,0,0,0,0,0,0,0,0,0,0,0,0,0,0,0,0,0,0,4.4545e+05,52306,56728,80170,3.1542e+05,5.2681e+05,2.411e+05,98873,56623,21486,0,0,0,0,0,0,0,0,0,0,0,0,0,0,0,0,0,0,0,0,0,0,0,0,0,0,0,0,0,0,0,0,0,0,0,0,0,0,0,0,4.4446e+05,51965,56080,1.6034e+05,1.8141e+05,4.6149e+05,4.8219e+05,98873,41232,36717
65647,24628,10.001,2.1873e+05,96342,1.5884e+05,1.6293e+05,10.015,17222,54884,0,0,0,0,0,0,0,0,0,0,0,0,0,0,0,0,0,0,0,0,0,0,0,0,0,0,0,0,0,0,0,0,0,0,0,0,0,0,0,0,4.4545e+05,52306,56728,64339,3.1542e+05,5.2681e+05,2.3095e+05,98873,56623,27072,0,0,0,0,0,0,0,0,0,0,0,0,0,0,0,0,0,0,0,0,0,0,0,0,0,0,0,0,0,0,0,0,0,0,0,0,0,0,0,0,4.4446e+05,51965,56080,1.2868e+05,1.8141e+05,4.8533e+05,4.619e+05,98873,41232,36717
602.03,638.57,10.003,1.8849e+05,73746,74616,1.4332e+05,10.003,6701,35397,0,0,0,0,0,0,0,0,0,0,0,0,0,0,0,0,0,0,0,0,0,0,0,0,0,0,0,0,0,0,0,0,0,0,0,0,0,0,0,0,4.4545e+05,52306,57384,49726,3.1542e+05,5.2681e+05,2.224e+05,98873,56623,27072,0,0,0,0,0,0,0,0,0,0,0,0,0,0,0,0,0,0,0,0,0,0,0,0,0,0,0,0,0,0,0,0,0,0,0,0,0,0,0,0,4.4515e+05,51978,57384,99452,1.8141e+05,4.8533e+05,4.448e+05,98873,41232,36717
1.8436e+05,71227,10.003,1.4149e+05,90293,2.0664e+05,1.0084e+05,10.006,20535,35542,0,0,0,0,0,0,0,0,0,0,0,0,0,0,0,0,0,0,0,0,0,0,0,0,0,0,0,0,0,0,0,0,0,0,0,0,0,0,0,0,4.4952e+05,52462,58515,33692,3.1542e+05,5.2681e+05,2.2317e+05,98873,56623,27072,0,0,0,0,0,0,0,0,0,0,0,0,0,0,0,0,0,0,0,0,0,0,0,0,0,0,0,0,0,0,0,0,0,0,0,0,0,0,0,0,4.4952e+05,52462,58515,67384,1.8141e+05,4.8533e+05,4.448e+05,98873,41232,36717
2.1874e+05,94309,10.975,1.1579e+05,84787,2.0664e+05,1.0084e+05,10.042,19282,32287,0,0,0,0,0,0,0,0,0,0,0,0,0,0,0,0,0,0,0,0,0,0,0,0,0,0,0,0,0,0,0,0,0,0,0,0,0,0,0,0,4.4952e+05,52462,58515,19078,3.1542e+05,5.2681e+05,2.4314e+05,98873,56623,27072,0,0,0,0,0,0,0,0,0,0,0,0,0,0,0,0,0,0,0,0,0,0,0,0,0,0,0,0,0,0,0,0,0,0,0,0,0,0,0,0,4.4952e+05,52462,58515,38157,1.8141e+05,4.8533e+05,4.448e+05,98873,41232,36717
1.5093e+05,88004,10.003,41013,7792.1,3244.2,1.0018e+05,9.9991,291.35,6563.6,0,0,0,0,0,0,0,0,0,0,0,0,0,0,0,0,0,0,0,0,0,0,0,0,0,0,0,0,0,0,0,0,0,0,0,0,0,0,0,0,4.4952e+05,52462,58515,6900.7,3.1542e+05,5.2681e+05,2.5505e+05,98873,56623,27072,0,0,0,0,0,0,0,0,0,0,0,0,0,0,0,0,0,0,0,0,0,0,0,0,0,0,0,0,0,0,0,0,0,0,0,0,0,0,0,0,4.4952e+05,52462,58515,13801,1.8141e+05,4.8533e+05,4.448e+05,98873,41232,36717
70672,49460,10.004,80199,33066,61424,1.049e+05,10.049,6105,16326,0,0,0,0,0,0,0,0,0,0,0,0,0,0,0,0,0,0,0,0,0,0,0,0,0,0,0,0,0,0,0,0,0,0,0,0,0,0,0,0,4.4952e+05,52462,58515,202.97,3.1542e+05,5.2681e+05,2.5505e+05,98873,56622,27072,0,0,0,0,0,0,0,0,0,0,0,0,0,0,0,0,0,0,0,0,0,0,0,0,0,0,0,0,0,0,0,0,0,0,0,0,0,0,0,0,4.4952e+05,52462,58515,405.93,1.8141e+05,4.8533e+05,4.448e+05,98873,41232,36717
31489,31074,10.003,78129,15764,9702.7,1.049e+05,9.9965,1141.2,12349,0,0,0,0,0,0,0,0,0,0,0,0,0,0,0,0,0,0,0,0,0,0,0,0,0,0,0,0,0,0,0,0,0,0,0,0,0,0,0,0,4.4952e+05,52461,58515,10.011,3.1542e+05,5.2681e+05,2.5505e+05,98872,56622,27072,0,0,0,0,0,0,0,0,0,0,0,0,0,0,0,0,0,0,0,0,0,0,0,0,0,0,0,0,0,0,0,0,0,0,0,0,0,0,0,0,4.4952e+05,52462,58515,10.004,1.8141e+05,4.8533e+05,4.448e+05,98873,41232,36717
32962,31074,10.004,31463,9023.1,9702.7,63436,10.001,1141.2,7460.7,0,0,0,0,0,0,0,0,0,0,0,0,0,0,0,0,0,0,0,0,0,0,0,0,0,0,0,0,0,0,0,0,0,0,0,0,0,0,0,0,4.9711e+05,52458,58515,10.014,3.1542e+05,5.2681e+05,2.5505e+05,98871,56621,27072,0,0,0,0,0,0,0,0,0,0,0,0,0,0,0,0,0,0,0,0,0,0,0,0,0,0,0,0,0,0,0,0,0,0,0,0,0,0,0,0,4.9711e+05,58391,58515,10.015,1.8141e+05,4.8533e+05,4.448e+05,98872,41231,36717
33529,31074,10.003,99248,30726,44672,99811,10.023,4440,18050,0,0,0,0,0,0,0,0,0,0,0,0,0,0,0,0,0,0,0,0,0,0,0,0,0,0,0,0,0,0,0,0,0,0,0,0,0,0,0,0,5.395e+05,51490,63159,10.015,3.1542e+05,5.2681e+05,2.5168e+05,98871,56620,27072,0,0,0,0,0,0,0,0,0,0,0,0,0,0,0,0,0,0,0,0,0,0,0,0,0,0,0,0,0,0,0,0,0,0,0,0,0,0,0,0,5.395e+05,63355,62018,10.006,1.8141e+05,4.8533e+05,4.448e+05,98872,41231,36717
1.5308e+05,66103,10.308,87472,26130,38031,92011,10.03,3403,16248,0,0,0,0,0,0,0,0,0,0,0,0,0,0,0,0,0,0,0,0,0,0,0,0,0,0,0,0,0,0,0,0,0,0,0,0,0,0,0,0,5.6298e+05,55911,66056,10.005,3.1542e+05,5.2681e+05,2.5168e+05,98871,56620,27072,0,0,0,0,0,0,0,0,0,0,0,0,0,0,0,0,0,0,0,0,0,0,0,0,0,0,0,0,0,0,0,0,0,0,0,0,0,0,0,0,5.6298e+05,66100,65024,10.003,1.8141e+05,4.8533e+05,4.448e+05,98872,41231,36717
2.8659e+05,1.079e+05,10.333,2944.3,8552.4,25953,9325.7,10.006,2330.8,2475.9,0,0,0,0,0,0,0,0,0,0,0,0,0,0,0,0,0,0,0,0,0,0,0,0,0,0,0,0,0,0,0,0,0,0,0,0,0,0,0,0,5.6706e+05,56330,66149,10.009,3.1542e+05,5.2681e+05,2.5168e+05,98871,56620,27072,0,0,0,0,0,0,0,0,0,0,0,0,0,0,0,0,0,0,0,0,0,0,0,0,0,0,0,0,0,0,0,0,0,0,0,0,0,0,0,0,5.6706e+05,66601,65126,10.013,1.8141e+05,4.8533e+05,4.448e+05,98872,41231,36717
2.1776e+05,88364,10.004,45590,40133,1.0051e+05,37285,10.009,9989.9,13789,0,0,0,0,0,0,0,0,0,0,0,0,0,0,0,0,0,0,0,0,0,0,0,0,0,0,0,0,0,0,0,0,0,0,0,0,0,0,0,0,5.6706e+05,56330,66149,10.003,3.1542e+05,5.2681e+05,2.5168e+05,98871,56620,27072,0,0,0,0,0,0,0,0,0,0,0,0,0,0,0,0,0,0,0,0,0,0,0,0,0,0,0,0,0,0,0,0,0,0,0,0,0,0,0,0,5.6706e+05,66601,65126,10.007,1.8141e+05,4.8533e+05,4.448e+05,98872,41231,36717
1.806e+05,75246,10.019,9023.2,26060,77860,18234,10.007,6992.4,7427.8,0,0,0,0,0,0,0,0,0,0,0,0,0,0,0,0,0,0,0,0,0,0,0,0,0,0,0,0,0,0,0,0,0,0,0,0,0,0,0,0,5.6706e+05,56330,66149,10.012,3.1542e+05,5.2681e+05,2.5168e+05,98871,56620,27072,0,0,0,0,0,0,0,0,0,0,0,0,0,0,0,0,0,0,0,0,0,0,0,0,0,0,0,0,0,0,0,0,0,0,0,0,0,0,0,0,5.6706e+05,66601,65126,9.9958,1.8141e+05,4.8533e+05,4.448e+05,98872,41231,36717
1.705e+05,66555,10.017,38388,66003,1.8427e+05,11213,10.065,18315,18536,0,0,0,0,0,0,0,0,0,0,0,0,0,0,0,0,0,0,0,0,0,0,0,0,0,0,0,0,0,0,0,0,0,0,0,0,0,0,0,0,5.6706e+05,56330,66149,10.014,3.1542e+05,5.2681e+05,2.5168e+05,98871,56620,27072,0,0,0,0,0,0,0,0,0,0,0,0,0,0,0,0,0,0,0,0,0,0,0,0,0,0,0,0,0,0,0,0,0,0,0,0,0,0,0,0,5.6706e+05,66601,65126,10.011,1.8141e+05,4.8533e+05,4.448e+05,98872,41231,36717
1.0967e+05,50275,10.016,32157,51339,1.4274e+05,30884,10.007,12819,15678,0,0,0,0,0,0,0,0,0,0,0,0,0,0,0,0,0,0,0,0,0,0,0,0,0,0,0,0,0,0,0,0,0,0,0,0,0,0,0,0,5.6706e+05,56330,66148,10.006,3.1542e+05,7.6542e+05,2.5168e+05,1.6319e+05,67006,35027,0,0,0,0,0,0,0,0,0,0,0,0,0,0,0,0,0,0,0,0,0,0,0,0,0,0,0,0,0,0,0,0,0,0,0,0,0,0,0,0,5.6706e+05,66601,65126,10.002,1.8141e+05,7.9356e+05,4.448e+05,1.6319e+05,67362,46274
93797,43590,10.007,58240,87746,2.4011e+05,30884,10.008,23865,25413,0,0,0,0,0,0,0,0,0,0,0,0,0,0,0,0,0,0,0,0,0,0,0,0,0,0,0,0,0,0,0,0,0,0,0,0,0,0,0,0,5.6706e+05,56330,66148,10.006,3.1542e+05,8.4592e+05,2.5168e+05,1.7617e+05,72596,37821,0,0,0,0,0,0,0,0,0,0,0,0,0,0,0,0,0,0,0,0,0,0,0,0,0,0,0,0,0,0,0,0,0,0,0,0,0,0,0,0,5.6706e+05,66601,65126,10.016,1.8141e+05,8.5785e+05,4.448e+05,1.7617e+05,72138,58541
36754,14461,10.005,19799,49702,1.4923e+05,9208.4,9.9988,13402,14678,0,0,0,0,0,0,0,0,0,0,0,0,0,0,0,0,0,0,0,0,0,0,0,0,0,0,0,0,0,0,0,0,0,0,0,0,0,0,0,0,5.6706e+05,56330,66148,2638.5,3.1542e+05,8.8721e+05,2.5168e+05,1.8123e+05,74254,39385,0,0,0,0,0,0,0,0,0,0,0,0,0,0,0,0,0,0,0,0,0,0,0,0,0,0,0,0,0,0,0,0,0,0,0,0,0,0,0,0,5.6706e+05,66601,65126,5277,1.8141e+05,8.8429e+05,4.448e+05,1.8123e+05,74207,65636
67616,27305,10.021,1.2561e+05,1.6402e+05,4.4113e+05,43929,10.017,43845,49278,0,0,0,0,0,0,0,0,0,0,0,0,0,0,0,0,0,0,0,0,0,0,0,0,0,0,0,0,0,0,0,0,0,0,0,0,0,0,0,0,5.6706e+05,56330,66148,14410,3.1542e+05,9.5461e+05,2.5168e+05,1.9245e+05,79075,46122,0,0,0,0,0,0,0,0,0,0,0,0,0,0,0,0,0,0,0,0,0,0,0,0,0,0,0,0,0,0,0,0,0,0,0,0,0,0,0,0,5.6706e+05,66601,65126,28821,1.8141e+05,9.3092e+05,4.448e+05,1.9245e+05,78801,73753
68928,27305,10.03,94652,1.3029e+05,3.4563e+05,27625,10.008,34629,41532,0,0,0,0,0,0,0,0,0,0,0,0,0,0,0,0,0,0,0,0,0,0,0,0,0,0,0,0,0,0,0,0,0,0,0,0,0,0,0,0,5.6706e+05,56330,66148,31053,3.1542e+05,1.1314e+06,2.5168e+05,2.2975e+05,98626,46122,0,0,0,0,0,0,0,0,0,0,0,0,0,0,0,0,0,0,0,0,0,0,0,0,0,0,0,0,0,0,0,0,0,0,0,0,0,0,0,0,5.6706e+05,66601,65126,62107,1.8141e+05,1.0565e+06,4.448e+05,2.2975e+05,94076,90239
27085,11090,10.004,1.0888e+05,1.3029e+05,3.4563e+05,63251,10.004,34629,41532,0,0,0,0,0,0,0,0,0,0,0,0,0,0,0,0,0,0,0,0,0,0,0,0,0,0,0,0,0,0,0,0,0,0,0,0,0,0,0,0,5.6706e+05,56330,66148,47290,4.3465e+05,1.1314e+06,2.5168e+05,5.336e+05,1.7218e+05,46122,0,0,0,0,0,0,0,0,0,0,0,0,0,0,0,0,0,0,0,0,0,0,0,0,0,0,0,0,0,0,0,0,0,0,0,0,0,0,0,0,5.6706e+05,66601,65126,94581,2.3433e+05,2.0299e+06,4.448e+05,4.3857e+05,1.8382e+05,90239
85800,33074,10.081,1.0888e+05,1.3029e+05,3.4563e+05,55278,10.003,34629,41532,0,0,0,0,0,0,0,0,0,0,0,0,0,0,0,0,0,0,0,0,0,0,0,0,0,0,0,0,0,0,0,0,0,0,0,0,0,0,0,0,5.6706e+05,56329,66148,74487,4.3465e+05,1.1314e+06,3.6198e+05,5.336e+05,1.7218e+05,46122,0,0,0,0,0,0,0,0,0,0,0,0,0,0,0,0,0,0,0,0,0,0,0,0,0,0,0,0,0,0,0,0,0,0,0,0,0,0,0,0,5.6706e+05,66601,65126,1.4897e+05,3.0419e+05,2.0919e+06,4.448e+05,4.9685e+05,2.9817e+05,90239
79144,31055,10.009,1.5582e+05,2.4141e+05,6.6556e+05,79361,10.008,59547,74364,0,0,0,0,0,0,0,0,0,0,0,0,0,0,0,0,0,0,0,0,0,0,0,0,0,0,0,0,0,0,0,0,0,0,0,0,0,0,0,0,5.6706e+05,56329,66148,1.0777e+05,4.3516e+05,1.1314e+06,4.095e+05,5.336e+05,1.7314e+05,45120,0,0,0,0,0,0,0,0,0,0,0,0,0,0,0,0,0,0,0,0,0,0,0,0,0,0,0,0,0,0,0,0,0,0,0,0,0,0,0,0,5.6706e+05,66601,65126,2.1555e+05,3.3837e+05,2.0919e+06,4.448e+05,5.4658e+05,3.2989e+05,90239
2771.6,2137.5,10.003,2.7545e+05,4.3619e+05,1.1966e+06,58665,10.024,1.1905e+05,1.2858e+05,0,0,0,0,0,0,0,0,0,0,0,0,0,0,0,0,0,0,0,0,0,0,0,0,0,0,0,0,0,0,0,0,0,0,0,0,0,0,0,0,5.6706e+05,56329,66148,1.3619e+05,4.3516e+05,1.0615e+06,4.4517e+05,5.336e+05,1.7314e+05,41396,0,0,0,0,0,0,0,0,0,0,0,0,0,0,0,0,0,0,0,0,0,0,0,0,0,0,0,0,0,0,0,0,0,0,0,0,0,0,0,0,5.6706e+05,66599,65125,2.7238e+05,3.6277e+05,2.0919e+06,4.448e+05,5.8751e+05,3.4629e+05,82791
31728,15873,10.676,2.7545e+05,4.3619e+05,1.1966e+06,1.6262e+05,10.022,1.1689e+05,1.2858e+05,0,0,0,0,0,0,0,0,0,0,0,0,0,0,0,0,0,0,0,0,0,0,0,0,0,0,0,0,0,0,0,0,0,0,0,0,0,0,0,0,5.6706e+05,56329,66148,1.5669e+05,4.4434e+05,1.0615e+06,5.2802e+05,5.3211e+05,1.7334e+05,37385,0,0,0,0,0,0,0,0,0,0,0,0,0,0,0,0,0,0,0,0,0,0,0,0,0,0,0,0,0,0,0,0,0,0,0,0,0,0,0,0,5.6706e+05,66599,65125,3.1337e+05,5.2633e+05,2.0919e+06,4.448e+05,6.8983e+05,3.4667e+05,74770
8314.8,6434.3,10.002,2.7283e+05,4.2572e+05,1.1966e+06,1.3816e+05,9.9934,1.1192e+05,1.2858e+05,0,0,0,0,0,0,0,0,0,0,0,0,0,0,0,0,0,0,0,0,0,0,0,0,0,0,0,0,0,0,0,0,0,0,0,0,0,0,0,0,5.6705e+05,56329,66148,1.9444e+05,4.3924e+05,1.0537e+06,5.343e+05,4.9068e+05,1.7334e+05,38531,0,0,0,0,0,0,0,0,0,0,0,0,0,0,0,0,0,0,0,0,0,0,0,0,0,0,0,0,0,0,0,0,0,0,0,0,0,0,0,0,5.6706e+05,66599,65125,3.8888e+05,5.5636e+05,2.0919e+06,4.448e+05,7.1876e+05,3.4667e+05,75629
17793,14958,10.006,2.7283e+05,4.2572e+05,1.1966e+06,1.3816e+05,10.008,1.1192e+05,1.2858e+05,0,0,0,0,0,0,0,0,0,0,0,0,0,0,0,0,0,0,0,0,0,0,0,0,0,0,0,0,0,0,0,0,0,0,0,0,0,0,0,0,5.6705e+05,56329,66148,2.4274e+05,4.3822e+05,9.6788e+05,5.3883e+05,4.752e+05,1.7334e+05,37815,0,0,0,0,0,0,0,0,0,0,0,0,0,0,0,0,0,0,0,0,0,0,0,0,0,0,0,0,0,0,0,0,0,0,0,0,0,0,0,0,5.6706e+05,66599,65125,4.8549e+05,6.2328e+05,1.9358e+06,7.3449e+05,7.4058e+05,3.4667e+05,75629
26907,15586,10.007,4.5589e+05,6.2131e+05,1.6736e+06,1.4415e+05,10.017,1.6705e+05,1.9257e+05,0,0,0,0,0,0,0,0,0,0,0,0,0,0,0,0,0,0,0,0,0,0,0,0,0,0,0,0,0,0,0,0,0,0,0,0,0,0,0,0,5.6705e+05,56329,66148,3.3732e+05,4.3822e+05,1.5564e+06,5.423e+05,4.7121e+05,1.7372e+05,39963,0,0,0,0,0,0,0,0,0,0,0,0,0,0,0,0,0,0,0,0,0,0,0,0,0,0,0,0,0,0,0,0,0,0,0,0,0,0,0,0,5.6706e+05,66599,65125,5.89e+05,6.5984e+05,2.1075e+06,8.5813e+05,7.4058e+05,3.4744e+05,78494
30517,21724,10.228,4.5589e+05,5.6168e+05,1.4617e+06,2.2305e+05,10.014,1.3899e+05,1.9257e+05,0,0,0,0,0,0,0,0,0,0,0,0,0,0,0,0,0,0,0,0,0,0,0,0,0,0,0,0,0,0,0,0,0,0,0,0,0,0,0,0,5.6705e+05,56329,66148,3.3732e+05,4.4026e+05,1.3715e+06,5.423e+05,4.1031e+05,1.7314e+05,39963,0,0,0,0,0,0,0,0,0,0,0,0,0,0,0,0,0,0,0,0,0,0,0,0,0,0,0,0,0,0,0,0,0,0,0,0,0,0,0,0,5.6706e+05,66599,65125,6.7465e+05,6.5984e+05,2.2168e+06,9.5624e+05,7.4058e+05,3.4629e+05,79926
18507,21724,10.222,6.1464e+05,5.6168e+05,1.4617e+06,4.7046e+05,10.03,1.3899e+05,1.9818e+05,0,0,0,0,0,0,0,0,0,0,0,0,0,0,0,0,0,0,0,0,0,0,0,0,0,0,0,0,0,0,0,0,0,0,0,0,0,0,0,0,5.6705e+05,56329,66148,5.676e+05,4.2803e+05,1.3715e+06,5.4065e+05,3.7387e+05,1.7372e+05,43258,0,0,0,0,0,0,0,0,0,0,0,0,0,0,0,0,0,0,0,0,0,0,0,0,0,0,0,0,0,0,0,0,0,0,0,0,0,0,0,0,5.6706e+05,66599,65125,7.7735e+05,7.0022e+05,2.2168e+06,1.0421e+06,7.4058e+05,3.4629e+05,83078
71644,45162,10.563,5.865e+05,5.3459e+05,1.4112e+06,4.5207e+05,10.017,1.2674e+05,1.9818e+05,0,0,0,0,0,0,0,0,0,0,0,0,0,0,0,0,0,0,0,0,0,0,0,0,0,0,0,0,0,0,0,0,0,0,0,0,0,0,0,0,5.6705e+05,56329,66148,5.265e+05,4.2344e+05,1.35e+06,5.3883e+05,3.3094e+05,1.7295e+05,41539,0,0,0,0,0,0,0,0,0,0,0,0,0,0,0,0,0,0,0,0,0,0,0,0,0,0,0,0,0,0,0,0,0,0,0,0,0,0,0,0,5.6706e+05,66599,65125,8.6624e+05,7.3519e+05,2.1387e+06,1.0629e+06,6.6189e+05,3.459e+05,83078
51854,36226,10.001,5.865e+05,5.7795e+05,1.5523e+06,4.5207e+05,10.016,1.3951e+05,2.0875e+05,0,0,0,0,0,0,0,0,0,0,0,0,0,0,0,0,0,0,0,0,0,0,0,0,0,0,0,0,0,0,0,0,0,0,0,0,0,0,0,0,5.6705e+05,56329,66148,5.8299e+05,4.2039e+05,1.4712e+06,5.3607e+05,2.9451e+05,1.7449e+05,68513,0,0,0,0,0,0,0,0,0,0,0,0,0,0,0,0,0,0,0,0,0,0,0,0,0,0,0,0,0,0,0,0,0,0,0,0,0,0,0,0,5.6706e+05,66599,65125,8.8005e+05,7.4507e+05,2.4353e+06,1.0629e+06,5.8901e+05,3.459e+05,94537
95581,48531,10.008,7.867e+05,6.3808e+05,1.5666e+06,4.577e+05,10.019,1.5595e+05,2.2817e+05,0,0,0,0,0,0,0,0,0,0,0,0,0,0,0,0,0,0,0,0,0,0,0,0,0,0,0,0,0,0,0,0,0,0,0,0,0,0,0,0,5.6705e+05,65688,66148,7.359e+05,4.2752e+05,1.4712e+06,5.3392e+05,2.54e+05,1.768e+05,2.3229e+05,0,0,0,0,0,0,0,0,0,0,0,0,0,0,0,0,0,0,0,0,0,0,0,0,0,0,0,0,0,0,0,0,0,0,0,0,0,0,0,0,5.6706e+05,66599,65125,8.3215e+05,8.3873e+05,2.4353e+06,1.0629e+06,4.7221e+05,3.4436e+05,94537
74494,48531,10.007,8.2332e+05,6.3808e+05,1.366e+06,6.0155e+05,10.013,1.2221e+05,2.2817e+05,0,0,0,0,0,0,0,0,0,0,0,0,0,0,0,0,0,0,0,0,0,0,0,0,0,0,0,0,0,0,0,0,0,0,0,0,0,0,0,0,5.6705e+05,74988,62607,7.9809e+05,4.2752e+05,1.3125e+06,5.3492e+05,1.962e+05,1.768e+05,2.3229e+05,0,0,0,0,0,0,0,0,0,0,0,0,0,0,0,0,0,0,0,0,0,0,0,0,0,0,0,0,0,0,0,0,0,0,0,0,0,0,0,0,5.6706e+05,68997,65125,8.9831e+05,8.3873e+05,2.2792e+06,1.0629e+06,3.7138e+05,3.5052e+05,1.1287e+05
1.3877e+05,78488,10.013,6.9645e+05,4.9893e+05,1.2328e+06,5.9545e+05,9.9777,1.1071e+05,2.0325e+05,0,0,0,0,0,0,0,0,0,0,0,0,0,0,0,0,0,0,0,0,0,0,0,0,0,0,0,0,0,0,0,0,0,0,0,0,0,0,0,0,5.5534e+05,75613,43361,6.8488e+05,4.2497e+05,1.1698e+06,5.2355e+05,1.5873e+05,1.7526e+05,1.0909e+05,0,0,0,0,0,0,0,0,0,0,0,0,0,0,0,0,0,0,0,0,0,0,0,0,0,0,0,0,0,0,0,0,0,0,0,0,0,0,0,0,5.6706e+05,86902,65125,1.0623e+06,8.4994e+05,2.1699e+06,1.0471e+06,3.1747e+05,3.5052e+05,1.1917e+05
1.3877e+05,1.0571e+05,10.02,8.0666e+05,6.241e+05,1.5367e+06,6.0722e+05,10.02,1.4818e+05,2.3102e+05,0,0,0,0,0,0,0,0,0,0,0,0,0,0,0,0,0,0,0,0,0,0,0,0,0,0,0,0,0,0,0,0,0,0,0,0,0,0,0,0,5.8173e+05,79828,30679,7.9891e+05,4.5844e+05,1.4805e+06,5.2355e+05,1.5873e+05,1.7795e+05,2.3102e+05,0,0,0,0,0,0,0,0,0,0,0,0,0,0,0,0,0,0,0,0,0,0,0,0,0,0,0,0,0,0,0,0,0,0,0,0,0,0,0,0,5.7905e+05,97938,61358,1.2251e+06,8.7135e+05,2.2324e+06,9.946e+05,2.7853e+05,3.5475e+05,1.2662e+05
2.5224e+05,1.3777e+05,10.023,6.6716e+05,5.9089e+05,1.5367e+06,5.8447e+05,9.9996,1.3883e+05,2.2156e+05,0,0,0,0,0,0,0,0,0,0,0,0,0,0,0,0,0,0,0,0,0,0,0,0,0,0,0,0,0,0,0,0,0,0,0,0,0,0,0,0,5.9866e+05,81159,24897,6.8236e+05,4.5077e+05,1.4805e+06,4.8676e+05,1.3178e+05,1.7795e+05,2.2156e+05,0,0,0,0,0,0,0,0,0,0,0,0,0,0,0,0,0,0,0,0,0,0,0,0,0,0,0,0,0,0,0,0,0,0,0,0,0,0,0,0,6.462e+05,1.2415e+05,49795,1.3554e+06,8.7135e+05,2.2948e+06,9.3317e+05,2.6356e+05,3.5591e+05,1.2662e+05
2.1247e+05,1.2988e+05,10.001,7.1434e+05,5.9323e+05,1.5367e+06,6.3302e+05,10.002,1.3883e+05,2.2754e+05,0,0,0,0,0,0,0,0,0,0,0,0,0,0,0,0,0,0,0,0,0,0,0,0,0,0,0,0,0,0,0,0,0,0,0,0,0,0,0,0,6.3025e+05,77995,22517,6.9021e+05,4.5462e+05,1.4973e+06,5.3718e+05,1.3178e+05,1.7815e+05,2.2754e+05,0,0,0,0,0,0,0,0,0,0,0,0,0,0,0,0,0,0,0,0,0,0,0,0,0,0,0,0,0,0,0,0,0,0,0,0,0,0,0,0,7.234e+05,1.42e+05,45035,1.3554e+06,8.7237e+05,2.2948e+06,8.6578e+05,2.5657e+05,3.5629e+05,1.2433e+05
2.0589e+05,1.2988e+05,10.001,8.1762e+05,6.4178e+05,1.6382e+06,6.9818e+05,10.02,1.481e+05,2.4802e+05,0,0,0,0,0,0,0,0,0,0,0,0,0,0,0,0,0,0,0,0,0,0,0,0,0,0,0,0,0,0,0,0,0,0,0,0,0,0,0,0,6.3309e+05,77733,20496,8.6775e+05,5.0425e+05,1.5304e+06,6.0153e+05,1.3178e+05,1.7815e+05,2.4802e+05,0,0,0,0,0,0,0,0,0,0,0,0,0,0,0,0,0,0,0,0,0,0,0,0,0,0,0,0,0,0,0,0,0,0,0,0,0,0,0,0,1.0963e+06,1.5297e+05,40992,1.3806e+06,8.7542e+05,2.1699e+06,8.2972e+05,2.5058e+05,3.5629e+05,1.2949e+05
2.554e+05,1.7129e+05,10.041,6.8053e+05,6.3692e+05,1.6382e+06,5.7614e+05,10.035,1.481e+05,2.2538e+05,0,0,0,0,0,0,0,0,0,0,0,0,0,0,0,0,0,0,0,0,0,0,0,0,0,0,0,0,0,0,0,0,0,0,0,0,0,0,0,0,6.3309e+05,77848,18399,7.648e+05,4.9696e+05,1.5304e+06,4.3095e+05,1.2531e+05,1.7815e+05,2.2758e+05,0,0,0,0,0,0,0,0,0,0,0,0,0,0,0,0,0,0,0,0,0,0,0,0,0,0,0,0,0,0,0,0,0,0,0,0,0,0,0,0,1.2322e+06,1.5297e+05,36797,1.4662e+06,8.7542e+05,2.0607e+06,8.2045e+05,2.3361e+05,3.5629e+05,1.2949e+05
3.3434e+05,1.8588e+05,10.073,6.8053e+05,6.3692e+05,1.6382e+06,5.6004e+05,10.037,1.5539e+05,2.2538e+05,0,0,0,0,0,0,0,0,0,0,0,0,0,0,0,0,0,0,0,0,0,0,0,0,0,0,0,0,0,0,0,0,0,0,0,0,0,0,0,0,6.4652e+05,77848,19051,8.1165e+05,4.9696e+05,1.5304e+06,4.3095e+05,1.3278e+05,1.8112e+05,2.2758e+05,0,0,0,0,0,0,0,0,0,0,0,0,0,0,0,0,0,0,0,0,0,0,0,0,0,0,0,0,0,0,0,0,0,0,0,0,0,0,0,0,1.2322e+06,1.5297e+05,38101,1.549e+06,8.7135e+05,2.1691e+06,8.4373e+05,2.6555e+05,3.5629e+05,1.3751e+05
5.7231e+05,2.6462e+05,10.081,9.1717e+05,6.3692e+05,1.6382e+06,6.8661e+05,1.6075e+05,1.6456e+05,2.2538e+05,0,0,0,0,0,0,0,0,0,0,0,0,0,0,0,0,0,0,0,0,0,0,0,0,0,0,0,0,0,0,0,0,0,0,0,0,0,0,0,0,6.3669e+05,2.0073e+05,21724,1.0111e+06,4.9696e+05,1.584e+06,6.534e+05,2.4364e+05,2.1813e+05,2.2758e+05,0,0,0,0,0,0,0,0,0,0,0,0,0,0,0,0,0,0,0,0,0,0,0,0,0,0,0,0,0,0,0,0,0,0,0,0,0,0,0,0,1.2322e+06,1.5297e+05,38905,1.5947e+06,8.8561e+05,2.1543e+06,9.2336e+05,3.1447e+05,3.5629e+05,1.3751e+05
5.2378e+05,2.5473e+05,10,8.9949e+05,5.2455e+05,1.6106e+06,6.3179e+05,1.6075e+05,1.6064e+05,2.2538e+05,0,0,0,0,0,0,0,0,0,0,0,0,0,0,0,0,0,0,0,0,0,0,0,0,0,0,0,0,0,0,0,0,0,0,0,0,0,0,0,0,6.8838e+05,1.5163e+05,21724,1.0166e+06,4.7891e+05,1.5542e+06,6.0042e+05,2.4364e+05,2.1813e+05,1.1541e+05,0,0,0,0,0,0,0,0,0,0,0,0,0,0,0,0,0,0,0,0,0,0,0,0,0,0,0,0,0,0,0,0,0,0,0,0,0,0,0,0,1.2322e+06,1.5183e+05,33276,1.5567e+06,8.8561e+05,2.3417e+06,9.9074e+05,3.6639e+05,3.5668e+05,1.3751e+05
5.3116e+05,2.5473e+05,10.002,8.9949e+05,4.3184e+05,1.411e+06,6.3179e+05,1.6075e+05,1.6064e+05,2.2538e+05,0,0,0,0,0,0,0,0,0,0,0,0,0,0,0,0,0,0,0,0,0,0,0,0,0,0,0,0,0,0,0,0,0,0,0,0,0,0,0,0,7.0089e+05,1.5163e+05,21724,1.2142e+06,4.7891e+05,1.277e+06,5.154e+05,2.4364e+05,2.1813e+05,70968,0,0,0,0,0,0,0,0,0,0,0,0,0,0,0,0,0,0,0,0,0,0,0,0,0,0,0,0,0,0,0,0,0,0,0,0,0,0,0,0,1.2223e+06,1.5022e+05,30407,1.592e+06,8.8561e+05,2.3417e+06,1.0145e+06,4.3327e+05,3.5668e+05,1.3178e+05
7.1792e+05,2.0772e+05,10.001,1.2338e+06,3.8509e+05,1.411e+06,6.3179e+05,2.007e+05,1.6064e+05,1.7438e+05,0,0,0,0,0,0,0,0,0,0,0,0,0,0,0,0,0,0,0,0,0,0,0,0,0,0,0,0,0,0,0,0,0,0,0,0,0,0,0,0,9.7493e+05,1.5163e+05,21724,1.446e+06,5.118e+05,1.3955e+06,5.0761e+05,3.1599e+05,2.3449e+05,73882,0,0,0,0,0,0,0,0,0,0,0,0,0,0,0,0,0,0,0,0,0,0,0,0,0,0,0,0,0,0,0,0,0,0,0,0,0,0,0,0,1.2319e+06,1.4457e+05,43448,1.6582e+06,8.8867e+05,2.3417e+06,1.0145e+06,4.3128e+05,3.5668e+05,1.3178e+05
7.6601e+05,2.8169e+05,43267,1.3809e+06,3.8509e+05,1.411e+06,6.1243e+05,2.7681e+05,2.2235e+05,1.7438e+05,0,0,0,0,0,0,0,0,0,0,0,0,0,0,0,0,0,0,0,0,0,0,0,0,0,0,0,0,0,0,0,0,0,0,0,0,0,0,0,0,1.0169e+06,1.5201e+05,66657,1.5423e+06,5.4114e+05,1.3651e+06,5.0076e+05,3.5055e+05,2.8951e+05,61964,0,0,0,0,0,0,0,0,0,0,0,0,0,0,0,0,0,0,0,0,0,0,0,0,0,0,0,0,0,0,0,0,0,0,0,0,0,0,0,0,1.3159e+06,1.4723e+05,76442,1.6619e+06,8.8867e+05,2.3104e+06,9.6494e+05,4.2429e+05,3.5668e+05,1.1029e+05
8.974e+05,1.4243e+05,43267,1.0646e+06,3.7702e+05,1.3296e+06,6.1243e+05,3.6455e+05,2.4983e+05,78593,0,0,0,0,0,0,0,0,0,0,0,0,0,0,0,0,0,0,0,0,0,0,0,0,0,0,0,0,0,0,0,0,0,0,0,0,0,0,0,0,1.1381e+06,94045,66657,1.3632e+06,5.9314e+05,1.3144e+06,4.791e+05,3.8444e+05,3.0306e+05,60818,0,0,0,0,0,0,0,0,0,0,0,0,0,0,0,0,0,0,0,0,0,0,0,0,0,0,0,0,0,0,0,0,0,0,0,0,0,0,0,0,1.3364e+06,1.484e+05,93895,1.6619e+06,8.8867e+05,1.9358e+06,9.5821e+05,4.0432e+05,3.5629e+05,1.0284e+05
1.611e+06,77662,43267,1.5813e+06,3.7702e+05,1.3296e+06,4.7964e+05,4.6556e+05,2.1415e+05,78593,0,0,0,0,0,0,0,0,0,0,0,0,0,0,0,0,0,0,0,0,0,0,0,0,0,0,0,0,0,0,0,0,0,0,0,0,0,0,0,0,1.5515e+06,85821,66657,1.6654e+06,6.3284e+05,1.475e+06,4.7745e+05,4.2196e+05,2.8541e+05,77196,0,0,0,0,0,0,0,0,0,0,0,0,0,0,0,0,0,0,0,0,0,0,0,0,0,0,0,0,0,0,0,0,0,0,0,0,0,0,0,0,1.3364e+06,1.5555e+05,90048,1.7495e+06,8.8867e+05,2.0919e+06,9.549e+05,3.7836e+05,3.5629e+05,1.0055e+05
1.611e+06,76182,72111,1.7284e+06,4.7292e+05,1.3643e+06,4.0169e+05,5.8027e+05,2.5474e+05,94896,0,0,0,0,0,0,0,0,0,0,0,0,0,0,0,0,0,0,0,0,0,0,0,0,0,0,0,0,0,0,0,0,0,0,0,0,0,0,0,0,1.5515e+06,85821,90382,1.8082e+06,6.8232e+05,1.5017e+06,4.603e+05,4.7832e+05,3.0552e+05,90276,0,0,0,0,0,0,0,0,0,0,0,0,0,0,0,0,0,0,0,0,0,0,0,0,0,0,0,0,0,0,0,0,0,0,0,0,0,0,0,0,1.3364e+06,1.3792e+05,1.0865e+05,1.888e+06,8.8867e+05,1.6392e+06,9.206e+05,3.7637e+05,3.5629e+05,85656
7.1792e+05,1.7224e+05,72111,1.2074e+06,6.2447e+05,1.5797e+06,4.0169e+05,6.7146e+05,4.561e+05,99117,0,0,0,0,0,0,0,0,0,0,0,0,0,0,0,0,0,0,0,0,0,0,0,0,0,0,0,0,0,0,0,0,0,0,0,0,0,0,0,0,9.9564e+05,1.0032e+05,70767,1.6571e+06,7.0344e+05,1.5158e+06,5.1675e+05,5.339e+05,4.0543e+05,87946,0,0,0,0,0,0,0,0,0,0,0,0,0,0,0,0,0,0,0,0,0,0,0,0,0,0,0,0,0,0,0,0,0,0,0,0,0,0,0,0,1.2734e+06,1.5566e+05,93460,2.1068e+06,8.8867e+05,1.4518e+06,8.6755e+05,3.9633e+05,3.5475e+05,76775
1.735e+06,93061,52882,1.368e+06,5.1413e+05,1.5489e+06,4.573e+05,6.7146e+05,2.1274e+05,1.8991e+05,0,0,0,0,0,0,0,0,0,0,0,0,0,0,0,0,0,0,0,0,0,0,0,0,0,0,0,0,0,0,0,0,0,0,0,0,0,0,0,0,1.4627e+06,93062,58930,1.7487e+06,7.0344e+05,1.477e+06,6.4412e+05,5.9382e+05,2.7971e+05,1.2905e+05,0,0,0,0,0,0,0,0,0,0,0,0,0,0,0,0,0,0,0,0,0,0,0,0,0,0,0,0,0,0,0,0,0,0,0,0,0,0,0,0,1.2327e+06,1.5589e+05,61640,2.1295e+06,8.8867e+05,1.405e+06,8.3093e+05,4.143e+05,3.4667e+05,68181
1.735e+06,71370,67304,2.4782e+06,6.7387e+05,2.1558e+06,8.3735e+05,6.7146e+05,2.1274e+05,1.8991e+05,0,0,0,0,0,0,0,0,0,0,0,0,0,0,0,0,0,0,0,0,0,0,0,0,0,0,0,0,0,0,0,0,0,0,0,0,0,0,0,0,1.4627e+06,88602,58930,2.3777e+06,7.3609e+05,2.1558e+06,8.2962e+05,5.9382e+05,2.7971e+05,1.2905e+05,0,0,0,0,0,0,0,0,0,0,0,0,0,0,0,0,0,0,0,0,0,0,0,0,0,0,0,0,0,0,0,0,0,0,0,0,0,0,0,0,1.1905e+06,1.4694e+05,50555,2.1563e+06,8.795e+05,1.3113e+06,8.2189e+05,4.143e+05,3.4167e+05,65889
1.735e+06,70047,1.298e+05,2.4782e+06,6.7387e+05,2.1558e+06,3.7432e+05,6.7146e+05,2.1274e+05,1.5337e+05,0,0,0,0,0,0,0,0,0,0,0,0,0,0,0,0,0,0,0,0,0,0,0,0,0,0,0,0,0,0,0,0,0,0,0,0,0,0,0,0,1.4627e+06,1.0832e+05,85581,2.3777e+06,7.3609e+05,2.1558e+06,5.8525e+05,5.9382e+05,2.7971e+05,1.082e+05,0,0,0,0,0,0,0,0,0,0,0,0,0,0,0,0,0,0,0,0,0,0,0,0,0,0,0,0,0,0,0,0,0,0,0,0,0,0,0,0,1.1663e+06,1.4659e+05,41361,2.2374e+06,8.795e+05,1.124e+06,7.9619e+05,4.2728e+05,3.3551e+05,63024
1.735e+06,85047,81726,2.4782e+06,6.7777e+05,2.5257e+06,3.8503e+05,6.7146e+05,2.481e+05,1.3902e+05,0,0,0,0,0,0,0,0,0,0,0,0,0,0,0,0,0,0,0,0,0,0,0,0,0,0,0,0,0,0,0,0,0,0,0,0,0,0,0,0,1.4573e+06,1.0221e+05,80003,2.3777e+06,7.3609e+05,2.5257e+06,5.212e+05,6.0591e+05,2.7971e+05,1.0546e+05,0,0,0,0,0,0,0,0,0,0,0,0,0,0,0,0,0,0,0,0,0,0,0,0,0,0,0,0,0,0,0,0,0,0,0,0,0,0,0,0,1.1797e+06,1.4659e+05,41361,2.3641e+06,8.2752e+05,1.1708e+06,7.3763e+05,4.3227e+05,3.3551e+05,71905
1.735e+06,52751,1.2499e+05,2.4782e+06,6.7777e+05,2.99e+06,4.0721e+05,7.1728e+05,2.9371e+05,1.4409e+05,0,0,0,0,0,0,0,0,0,0,0,0,0,0,0,0,0,0,0,0,0,0,0,0,0,0,0,0,0,0,0,0,0,0,0,0,0,0,0,0,1.4573e+06,95440,80482,2.3777e+06,7.5471e+05,2.99e+06,5.2279e+05,7.1728e+05,2.9371e+05,1.1728e+05,0,0,0,0,0,0,0,0,0,0,0,0,0,0,0,0,0,0,0,0,0,0,0,0,0,0,0,0,0,0,0,0,0,0,0,0,0,0,0,0,1.2193e+06,1.3813e+05,35971,2.3641e+06,7.8982e+05,1.1708e+06,6.3836e+05,4.5024e+05,3.1781e+05,78780
1.735e+06,10,2.4518e+05,2.4782e+06,6.7777e+05,3.1206e+06,7.6614e+05,7.4862e+05,3.0654e+05,1.4863e+05,0,0,0,0,0,0,0,0,0,0,0,0,0,0,0,0,0,0,0,0,0,0,0,0,0,0,0,0,0,0,0,0,0,0,0,0,0,0,0,0,1.4573e+06,81732,1.3522e+05,2.3777e+06,7.5471e+05,2.99e+06,6.4821e+05,7.4862e+05,3.0654e+05,1.2453e+05,0,0,0,0,0,0,0,0,0,0,0,0,0,0,0,0,0,0,0,0,0,0,0,0,0,0,0,0,0,0,0,0,0,0,0,0,0,0,0,0,1.2618e+06,1.3813e+05,25256,2.4477e+06,7.623e+05,9.6788e+05,5.3028e+05,4.742e+05,3.0935e+05,93677
1.4358e+06,10.004,2.9325e+05,2.4782e+06,6.7777e+05,3.311e+06,8.4052e+05,7.943e+05,3.2524e+05,1.5754e+05,0,0,0,0,0,0,0,0,0,0,0,0,0,0,0,0,0,0,0,0,0,0,0,0,0,0,0,0,0,0,0,0,0,0,0,0,0,0,0,0,1.3757e+06,81732,1.5585e+05,2.3777e+06,7.5471e+05,2.99e+06,6.6345e+05,7.943e+05,3.3226e+05,1.5323e+05,0,0,0,0,0,0,0,0,0,0,0,0,0,0,0,0,0,0,0,0,0,0,0,0,0,0,0,0,0,0,0,0,0,0,0,0,0,0,0,0,1.3156e+06,1.4214e+05,19887,2.5106e+06,7.2256e+05,1.0303e+06,4.8638e+05,5.0415e+05,3.2012e+05,1.143e+05
1.5555e+06,52589,1.4422e+05,2.4782e+06,6.7777e+05,3.317e+06,8.2392e+05,7.9573e+05,3.2524e+05,1.5782e+05,0,0,0,0,0,0,0,0,0,0,0,0,0,0,0,0,0,0,0,0,0,0,0,0,0,0,0,0,0,0,0,0,0,0,0,0,0,0,0,0,1.44e+06,83954,82055,2.3777e+06,7.5471e+05,2.99e+06,6.8223e+05,7.9573e+05,3.3226e+05,1.5782e+05,0,0,0,0,0,0,0,0,0,0,0,0,0,0,0,0,0,0,0,0,0,0,0,0,0,0,0,0,0,0,0,0,0,0,0,0,0,0,0,0,1.3156e+06,1.4671e+05,19887,2.5106e+06,6.9402e+05,9.5227e+05,5.4054e+05,5.1414e+05,3.0781e+05,1.3292e+05
1.6153e+06,1.7814e+05,1.6826e+05,2.4782e+06,6.7777e+05,3.4181e+06,8.2392e+05,8.1998e+05,3.2524e+05,1.5927e+05,0,0,0,0,0,0,0,0,0,0,0,0,0,0,0,0,0,0,0,0,0,0,0,0,0,0,0,0,0,0,0,0,0,0,0,0,0,0,0,0,1.5601e+06,1.6233e+05,1.0344e+05,2.3777e+06,7.5471e+05,2.4024e+06,7.678e+05,8.1998e+05,3.3226e+05,1.6263e+05,0,0,0,0,0,0,0,0,0,0,0,0,0,0,0,0,0,0,0,0,0,0,0,0,0,0,0,0,0,0,0,0,0,0,0,0,0,0,0,0,1.2403e+06,1.4651e+05,38623,2.4339e+06,6.7262e+05,8.5861e+05,6.7961e+05,5.2113e+05,2.9088e+05,1.5813e+05
1.6153e+06,1.7814e+05,2.4999e+05,2.4782e+06,6.7777e+05,3.4439e+06,8.2392e+05,8.2618e+05,3.2524e+05,1.5927e+05,0,0,0,0,0,0,0,0,0,0,0,0,0,0,0,0,0,0,0,0,0,0,0,0,0,0,0,0,0,0,0,0,0,0,0,0,0,0,0,0,1.5601e+06,1.8296e+05,1.8313e+05,2.3777e+06,7.5471e+05,2.783e+06,7.678e+05,8.2618e+05,3.3226e+05,1.6581e+05,0,0,0,0,0,0,0,0,0,0,0,0,0,0,0,0,0,0,0,0,0,0,0,0,0,0,0,0,0,0,0,0,0,0,0,0,0,0,0,0,1.1472e+06,1.4393e+05,73007,2.2736e+06,6.4204e+05,7.4933e+05,8.0534e+05,5.2712e+05,2.9896e+05,1.7504e+05
1.6153e+06,1.7814e+05,2.4999e+05,2.4782e+06,8.4124e+05,3.5477e+06,5.8328e+05,8.2754e+05,3.1836e+05,1.6645e+05,0,0,0,0,0,0,0,0,0,0,0,0,0,0,0,0,0,0,0,0,0,0,0,0,0,0,0,0,0,0,0,0,0,0,0,0,0,0,0,0,1.3417e+06,1.8296e+05,1.8313e+05,2.3777e+06,7.7545e+05,3.1243e+06,7.1598e+05,8.2754e+05,3.0808e+05,1.753e+05,0,0,0,0,0,0,0,0,0,0,0,0,0,0,0,0,0,0,0,0,0,0,0,0,0,0,0,0,0,0,0,0,0,0,0,0,0,0,0,0,1.0681e+06,1.3708e+05,1.0926e+05,2.2569e+06,6.0536e+05,7.1148e+05,8.4869e+05,5.1214e+05,2.9781e+05,1.9165e+05
1.756e+06,1.4355e+05,2.4999e+05,2.4782e+06,8.7184e+05,3.7198e+06,5.7936e+05,8.4541e+05,3.3403e+05,1.6645e+05,0,0,0,0,0,0,0,0,0,0,0,0,0,0,0,0,0,0,0,0,0,0,0,0,0,0,0,0,0,0,0,0,0,0,0,0,0,0,0,0,1.756e+06,1.364e+05,1.7259e+05,2.3777e+06,8.2595e+05,3.1243e+06,7.3206e+05,8.4541e+05,3.0918e+05,1.7592e+05,0,0,0,0,0,0,0,0,0,0,0,0,0,0,0,0,0,0,0,0,0,0,0,0,0,0,0,0,0,0,0,0,0,0,0,0,0,0,0,0,9.8544e+05,1.2926e+05,95199,2.2553e+06,5.809e+05,7.3336e+05,8.8475e+05,4.8519e+05,2.8434e+05,2.0139e+05
1.7678e+06,2.0653e+05,2.4999e+05,2.4782e+06,8.9216e+05,3.8407e+06,5.9837e+05,8.4541e+05,4.0758e+05,1.6645e+05,0,0,0,0,0,0,0,0,0,0,0,0,0,0,0,0,0,0,0,0,0,0,0,0,0,0,0,0,0,0,0,0,0,0,0,0,0,0,0,0,1.7678e+06,1.9214e+05,1.6244e+05,2.3777e+06,8.8069e+05,3.1243e+06,7.4669e+05,8.4541e+05,3.4393e+05,1.7592e+05,0,0,0,0,0,0,0,0,0,0,0,0,0,0,0,0,0,0,0,0,0,0,0,0,0,0,0,0,0,0,0,0,0,0,0,0,0,0,0,0,8.7288e+05,1.2926e+05,77398,2.276e+06,5.8597e+05,7.3336e+05,8.9501e+05,4.6921e+05,2.8126e+05,2.1285e+05
1.7678e+06,2.0653e+05,2.4999e+05,1.4447e+06,8.9506e+05,3.8407e+06,8.0567e+05,8.4541e+05,4.0758e+05,1.6645e+05,0,0,0,0,0,0,0,0,0,0,0,0,0,0,0,0,0,0,0,0,0,0,0,0,0,0,0,0,0,0,0,0,0,0,0,0,0,0,0,0,1.7678e+06,2.3312e+05,1.6244e+05,1.864e+06,8.8069e+05,2.9003e+06,8.5232e+05,8.4541e+05,3.4393e+05,1.7592e+05,0,0,0,0,0,0,0,0,0,0,0,0,0,0,0,0,0,0,0,0,0,0,0,0,0,0,0,0,0,0,0,0,0,0,0,0,0,0,0,0,7.7469e+05,2.3554e+05,77398,2.2833e+06,5.8192e+05,8.8613e+05,8.9898e+05,4.5224e+05,2.8203e+05,2.203e+05
1.7678e+06,2.0653e+05,2.0191e+05,1.2539e+06,8.9506e+05,3.8407e+06,1.0344e+06,8.4541e+05,4.0758e+05,1.6924e+05,0,0,0,0,0,0,0,0,0,0,0,0,0,0,0,0,0,0,0,0,0,0,0,0,0,0,0,0,0,0,0,0,0,0,0,0,0,0,0,0,1.7678e+06,2.3312e+05,1.3508e+05,1.7648e+06,8.8069e+05,2.9753e+06,1.0344e+06,8.4541e+05,3.4393e+05,1.7592e+05,0,0,0,0,0,0,0,0,0,0,0,0,0,0,0,0,0,0,0,0,0,0,0,0,0,0,0,0,0,0,0,0,0,0,0,0,0,0,0,0,7.1018e+05,1.4056e+05,76890,2.2756e+06,5.6052e+05,8.8613e+05,9.3494e+05,4.3028e+05,2.5317e+05,2.2546e+05
1.7678e+06,2.0653e+05,1.971e+05,2.6064e+06,8.9506e+05,3.8407e+06,1.0344e+06,8.4541e+05,4.0758e+05,1.6924e+05,0,0,0,0,0,0,0,0,0,0,0,0,0,0,0,0,0,0,0,0,0,0,0,0,0,0,0,0,0,0,0,0,0,0,0,0,0,0,0,0,1.7678e+06,2.3312e+05,1.4346e+05,2.5517e+06,8.8069e+05,3.1132e+06,1.0344e+06,8.4541e+05,3.4393e+05,1.7592e+05,0,0,0,0,0,0,0,0,0,0,0,0,0,0,0,0,0,0,0,0,0,0,0,0,0,0,0,0,0,0,0,0,0,0,0,0,0,0,0,0,6.8515e+05,1.4056e+05,1.1706e+05,2.2269e+06,5.5236e+05,9.7137e+05,1.0073e+06,4.0632e+05,2.2932e+05,2.2975e+05
1.7678e+06,2.0653e+05,2.1054e+05,2.635e+06,8.9506e+05,3.8407e+06,7.6252e+05,8.4541e+05,4.0758e+05,1.6924e+05,0,0,0,0,0,0,0,0,0,0,0,0,0,0,0,0,0,0,0,0,0,0,0,0,0,0,0,0,0,0,0,0,0,0,0,0,0,0,0,0,1.7678e+06,2.3312e+05,2.1054e+05,2.5517e+06,8.8069e+05,3.1132e+06,9.1198e+05,8.4541e+05,3.4393e+05,1.7592e+05,0,0,0,0,0,0,0,0,0,0,0,0,0,0,0,0,0,0,0,0,0,0,0,0,0,0,0,0,0,0,0,0,0,0,0,0,0,0,0,0,6.0639e+05,1.4056e+05,1.2315e+05,2.2821e+06,5.1975e+05,8.6565e+05,1.0614e+06,3.9134e+05,2.0008e+05,2.3319e+05
1.7678e+06,2.0653e+05,2.1054e+05,2.7039e+06,8.9761e+05,3.8407e+06,7.1031e+05,8.4541e+05,4.0758e+05,1.6924e+05,0,0,0,0,0,0,0,0,0,0,0,0,0,0,0,0,0,0,0,0,0,0,0,0,0,0,0,0,0,0,0,0,0,0,0,0,0,0,0,0,1.7678e+06,2.3312e+05,2.1054e+05,2.6204e+06,8.8069e+05,3.1132e+06,9.0115e+05,8.4541e+05,3.4393e+05,1.7592e+05,0,0,0,0,0,0,0,0,0,0,0,0,0,0,0,0,0,0,0,0,0,0,0,0,0,0,0,0,0,0,0,0,0,0,0,0,0,0,0,0,6.0639e+05,1.4598e+05,1.3217e+05,2.3251e+06,5.116e+05,8.6565e+05,1.092e+06,3.8435e+05,1.7007e+05,2.3749e+05
1.7678e+06,2.0653e+05,2.1054e+05,2.7039e+06,8.9761e+05,3.8407e+06,4.7631e+05,8.4541e+05,4.0758e+05,1.6924e+05,0,0,0,0,0,0,0,0,0,0,0,0,0,0,0,0,0,0,0,0,0,0,0,0,0,0,0,0,0,0,0,0,0,0,0,0,0,0,0,0,1.7633e+06,2.3312e+05,2.1054e+05,2.6204e+06,8.8069e+05,3.1132e+06,7.8878e+05,8.4541e+05,3.4393e+05,1.7592e+05,0,0,0,0,0,0,0,0,0,0,0,0,0,0,0,0,0,0,0,0,0,0,0,0,0,0,0,0,0,0,0,0,0,0,0,0,0,0,0,0,6.0639e+05,1.4598e+05,1.7024e+05,2.2772e+06,4.6676e+05,8.6565e+05,1.1013e+06,3.5441e+05,1.6391e+05,2.4178e+05
1.7678e+06,2.0653e+05,2.1054e+05,2.7039e+06,8.9761e+05,3.8407e+06,6.1059e+05,8.4541e+05,4.0758e+05,1.6924e+05,0,0,0,0,0,0,0,0,0,0,0,0,0,0,0,0,0,0,0,0,0,0,0,0,0,0,0,0,0,0,0,0,0,0,0,0,0,0,0,0,1.7633e+06,2.3312e+05,2.1054e+05,2.6204e+06,8.8069e+05,3.1132e+06,8.5664e+05,8.4541e+05,3.4393e+05,1.7592e+05,0,0,0,0,0,0,0,0,0,0,0,0,0,0,0,0,0,0,0,0,0,0,0,0,0,0,0,0,0,0,0,0,0,0,0,0,0,0,0,0,5.4264e+05,1.4598e+05,1.7299e+05,2.1449e+06,3.8523e+05,1.0851e+06,1.1027e+06,3.604e+05,1.693e+05,2.5181e+05
1.7678e+06,2.0653e+05,2.1054e+05,2.7039e+06,8.9761e+05,3.8407e+06,6.8995e+05,8.4541e+05,4.0758e+05,1.6924e+05,0,0,0,0,0,0,0,0,0,0,0,0,0,0,0,0,0,0,0,0,0,0,0,0,0,0,0,0,0,0,0,0,0,0,0,0,0,0,0,0,1.4265e+06,2.3312e+05,2.1054e+05,2.6204e+06,8.8069e+05,3.0146e+06,8.9643e+05,8.4541e+05,3.4393e+05,1.7592e+05,0,0,0,0,0,0,0,0,0,0,0,0,0,0,0,0,0,0,0,0,0,0,0,0,0,0,0,0,0,0,0,0,0,0,0,0,0,0,0,0,5.1987e+05,62196,1.8929e+05,2.0897e+06,3.6586e+05,1.0851e+06,1.1029e+06,3.2545e+05,1.5467e+05,2.5259e+05
1.7678e+06,2.0653e+05,2.1054e+05,2.7039e+06,8.9761e+05,3.8407e+06,1.4955e+06,8.6101e+05,4.0758e+05,1.7077e+05,0,0,0,0,0,0,0,0,0,0,0,0,0,0,0,0,0,0,0,0,0,0,0,0,0,0,0,0,0,0,0,0,0,0,0,0,0,0,0,0,1.4696e+06,2.2243e+05,2.2664e+05,2.6204e+06,8.8069e+05,2.9256e+06,1.4955e+06,8.6101e+05,3.5256e+05,1.7592e+05,0,0,0,0,0,0,0,0,0,0,0,0,0,0,0,0,0,0,0,0,0,0,0,0,0,0,0,0,0,0,0,0,0,0,0,0,0,0,0,0,5.2289e+05,54976,1.9018e+05,1.9549e+06,3.1185e+05,1.0851e+06,1.1029e+06,3.2745e+05,1.5237e+05,2.5259e+05
1.7678e+06,2.0653e+05,2.3555e+05,2.7039e+06,8.9761e+05,3.8407e+06,1.4955e+06,8.673e+05,4.0758e+05,1.7202e+05,0,0,0,0,0,0,0,0,0,0,0,0,0,0,0,0,0,0,0,0,0,0,0,0,0,0,0,0,0,0,0,0,0,0,0,0,0,0,0,0,1.6824e+06,1.4512e+05,2.8223e+05,2.6204e+06,8.8069e+05,3.6153e+06,1.4955e+06,8.673e+05,3.5513e+05,1.7592e+05,0,0,0,0,0,0,0,0,0,0,0,0,0,0,0,0,0,0,0,0,0,0,0,0,0,0,0,0,0,0,0,0,0,0,0,0,0,0,0,0,5.0133e+05,49912,2.0109e+05,1.8807e+06,2.9045e+05,1.3583e+06,1.1029e+06,2.995e+05,1.5237e+05,2.5259e+05
1.7678e+06,1.9371e+05,2.5907e+05,2.7039e+06,8.9761e+05,3.8407e+06,1.4955e+06,8.673e+05,4.0758e+05,1.7202e+05,0,0,0,0,0,0,0,0,0,0,0,0,0,0,0,0,0,0,0,0,0,0,0,0,0,0,0,0,0,0,0,0,0,0,0,0,0,0,0,0,1.758e+06,1.1674e+05,3.101e+05,2.6204e+06,8.8069e+05,3.6153e+06,1.4955e+06,8.673e+05,3.5513e+05,1.7592e+05,0,0,0,0,0,0,0,0,0,0,0,0,0,0,0,0,0,0,0,0,0,0,0,0,0,0,0,0,0,0,0,0,0,0,0,0,0,0,0,0,5.0133e+05,1.2808e+05,2.0042e+05,1.8238e+06,2.4357e+05,1.3498e+06,1.1029e+06,2.9051e+05,1.4467e+05,2.5259e+05
1.856e+06,1.6171e+05,2.8336e+05,2.7039e+06,8.9761e+05,3.8407e+06,1.4955e+06,8.673e+05,4.0758e+05,1.7202e+05,0,0,0,0,0,0,0,0,0,0,0,0,0,0,0,0,0,0,0,0,0,0,0,0,0,0,0,0,0,0,0,0,0,0,0,0,0,0,0,0,1.758e+06,95218,3.101e+05,2.6204e+06,8.8069e+05,3.6153e+06,1.4955e+06,8.673e+05,3.5513e+05,1.7592e+05,0,0,0,0,0,0,0,0,0,0,0,0,0,0,0,0,0,0,0,0,0,0,0,0,0,0,0,0,0,0,0,0,0,0,0,0,0,0,0,0,6.4021e+05,1.3924e+05,1.914e+05,1.7918e+06,2.3236e+05,1.5157e+06,1.1029e+06,2.965e+05,1.4967e+05,2.5259e+05
1.8581e+06,1.5825e+05,2.8454e+05,2.7039e+06,8.9761e+05,3.8407e+06,1.53e+06,8.673e+05,4.0758e+05,1.7202e+05,0,0,0,0,0,0,0,0,0,0,0,0,0,0,0,0,0,0,0,0,0,0,0,0,0,0,0,0,0,0,0,0,0,0,0,0,0,0,0,0,1.758e+06,88206,3.101e+05,2.6204e+06,8.8069e+05,3.6153e+06,1.53e+06,8.673e+05,3.5513e+05,1.7592e+05,0,0,0,0,0,0,0,0,0,0,0,0,0,0,0,0,0,0,0,0,0,0,0,0,0,0,0,0,0,0,0,0,0,0,0,0,0,0,0,0,6.9454e+05,1.8509e+05,1.914e+05,1.8518e+06,2.3236e+05,1.1104e+06,1.1029e+06,3.1048e+05,1.4967e+05,2.5259e+05
1.9011e+06,95990,2.8896e+05,2.7039e+06,8.9761e+05,3.8407e+06,1.5333e+06,8.673e+05,4.0758e+05,1.7202e+05,0,0,0,0,0,0,0,0,0,0,0,0,0,0,0,0,0,0,0,0,0,0,0,0,0,0,0,0,0,0,0,0,0,0,0,0,0,0,0,0,1.758e+06,57707,3.101e+05,2.4606e+06,8.8069e+05,3.6153e+06,1.5333e+06,8.673e+05,3.5513e+05,1.7592e+05,0,0,0,0,0,0,0,0,0,0,0,0,0,0,0,0,0,0,0,0,0,0,0,0,0,0,0,0,0,0,0,0,0,0,0,0,0,0,0,0,5.647e+05,1.8509e+05,1.914e+05,1.8742e+06,2.0586e+05,9.8915e+05,1.1029e+06,2.8352e+05,1.4775e+05,2.5259e+05
1.9011e+06,1.1847e+05,2.8896e+05,2.7039e+06,8.9761e+05,3.8407e+06,1.5679e+06,8.673e+05,4.0758e+05,1.7202e+05,0,0,0,0,0,0,0,0,0,0,0,0,0,0,0,0,0,0,0,0,0,0,0,0,0,0,0,0,0,0,0,0,0,0,0,0,0,0,0,0,1.7557e+06,71455,3.0324e+05,2.4606e+06,8.8069e+05,3.6153e+06,1.5679e+06,8.673e+05,3.5513e+05,1.7592e+05,0,0,0,0,0,0,0,0,0,0,0,0,0,0,0,0,0,0,0,0,0,0,0,0,0,0,0,0,0,0,0,0,0,0,0,0,0,0,0,0,6.3664e+05,1.8509e+05,1.9785e+05,1.7199e+06,1.9567e+05,9.8494e+05,1.1029e+06,2.985e+05,1.3698e+05,2.5259e+05
1.9011e+06,2.2017e+05,2.8896e+05,2.7039e+06,8.9761e+05,3.8407e+06,1.5681e+06,8.673e+05,4.0758e+05,1.7202e+05,0,0,0,0,0,0,0,0,0,0,0,0,0,0,0,0,0,0,0,0,0,0,0,0,0,0,0,0,0,0,0,0,0,0,0,0,0,0,0,0,1.476e+06,1.3327e+05,3.2597e+05,2.4606e+06,8.8069e+05,3.6153e+06,1.5681e+06,8.673e+05,3.5513e+05,1.7592e+05,0,0,0,0,0,0,0,0,0,0,0,0,0,0,0,0,0,0,0,0,0,0,0,0,0,0,0,0,0,0,0,0,0,0,0,0,0,0,0,0,6.3664e+05,1.8509e+05,2.0098e+05,1.5149e+06,1.9058e+05,9.6788e+05,1.1029e+06,3.1547e+05,1.3274e+05,2.5259e+05
1.9341e+06,2.2559e+05,2.8896e+05,2.7039e+06,8.9761e+05,3.8407e+06,1.5681e+06,8.673e+05,4.0758e+05,1.7202e+05,0,0,0,0,0,0,0,0,0,0,0,0,0,0,0,0,0,0,0,0,0,0,0,0,0,0,0,0,0,0,0,0,0,0,0,0,0,0,0,0,1.319e+06,2.0359e+05,3.2597e+05,2.4606e+06,8.8069e+05,3.6153e+06,1.5681e+06,8.673e+05,3.5513e+05,1.7592e+05,0,0,0,0,0,0,0,0,0,0,0,0,0,0,0,0,0,0,0,0,0,0,0,0,0,0,0,0,0,0,0,0,0,0,0,0,0,0,0,0,7.4944e+05,1.8509e+05,2.0733e+05,1.4394e+06,1.6102e+05,1.0928e+06,1.1029e+06,3.3668e+05,1.1466e+05,2.5259e+05
1.9341e+06,2.2559e+05,2.8896e+05,2.7039e+06,8.9761e+05,3.8407e+06,1.5681e+06,8.673e+05,4.0758e+05,1.7202e+05,0,0,0,0,0,0,0,0,0,0,0,0,0,0,0,0,0,0,0,0,0,0,0,0,0,0,0,0,0,0,0,0,0,0,0,0,0,0,0,0,1.9138e+06,2.0359e+05,3.2597e+05,2.4606e+06,8.7146e+05,3.6153e+06,1.5681e+06,8.673e+05,3.0278e+05,1.7592e+05,0,0,0,0,0,0,0,0,0,0,0,0,0,0,0,0,0,0,0,0,0,0,0,0,0,0,0,0,0,0,0,0,0,0,0,0,0,0,0,0,5.6144e+05,1.6912e+05,2.0733e+05,1.4642e+06,1.335e+05,1.1608e+06,1.1029e+06,3.3668e+05,95806,2.5259e+05
1.9341e+06,2.2559e+05,2.8896e+05,2.7039e+06,8.9761e+05,3.8407e+06,1.5681e+06,8.673e+05,4.0758e+05,1.7202e+05,0,0,0,0,0,0,0,0,0,0,0,0,0,0,0,0,0,0,0,0,0,0,0,0,0,0,0,0,0,0,0,0,0,0,0,0,0,0,0,0,1.9301e+06,2.0359e+05,3.2597e+05,2.4606e+06,8.4174e+05,3.6153e+06,1.5681e+06,8.673e+05,3.0278e+05,1.7592e+05,0,0,0,0,0,0,0,0,0,0,0,0,0,0,0,0,0,0,0,0,0,0,0,0,0,0,0,0,0,0,0,0,0,0,0,0,0,0,0,0,6.5333e+05,1.6912e+05,2.0965e+05,1.6187e+06,1.2637e+05,1.1608e+06,1.1025e+06,3.1747e+05,80800,2.4895e+05
1.9341e+06,2.2559e+05,2.8896e+05,2.7039e+06,8.9761e+05,3.8407e+06,1.5681e+06,8.673e+05,4.0758e+05,1.7202e+05,0,0,0,0,0,0,0,0,0,0,0,0,0,0,0,0,0,0,0,0,0,0,0,0,0,0,0,0,0,0,0,0,0,0,0,0,0,0,0,0,1.9316e+06,1.6224e+05,2.7663e+05,2.4606e+06,8.1528e+05,3.6153e+06,1.5681e+06,8.673e+05,3.0278e+05,1.7592e+05,0,0,0,0,0,0,0,0,0,0,0,0,0,0,0,0,0,0,0,0,0,0,0,0,0,0,0,0,0,0,0,0,0,0,0,0,0,0,0,0,6.9047e+05,1.6912e+05,2.1194e+05,1.6187e+06,1.1822e+05,1.1608e+06,1.1019e+06,2.7254e+05,65410,2.4694e+05
1.9341e+06,2.1187e+05,2.8896e+05,2.7039e+06,8.9761e+05,3.8407e+06,1.5681e+06,8.673e+05,4.0758e+05,1.7202e+05,0,0,0,0,0,0,0,0,0,0,0,0,0,0,0,0,0,0,0,0,0,0,0,0,0,0,0,0,0,0,0,0,0,0,0,0,0,0,0,0,1.9316e+06,1.2111e+05,2.7663e+05,2.4606e+06,7.9039e+05,3.568e+06,1.5681e+06,8.673e+05,3.0278e+05,1.7592e+05,0,0,0,0,0,0,0,0,0,0,0,0,0,0,0,0,0,0,0,0,0,0,0,0,0,0,0,0,0,0,0,0,0,0,0,0,0,0,0,0,7.2414e+05,1.6912e+05,2.1726e+05,1.6187e+06,1.2433e+05,1.1608e+06,1.1017e+06,2.4259e+05,58099,2.4264e+05
1.9341e+06,2.1187e+05,2.8896e+05,2.7039e+06,8.9761e+05,3.8407e+06,1.5681e+06,8.673e+05,4.0758e+05,1.5702e+05,0,0,0,0,0,0,0,0,0,0,0,0,0,0,0,0,0,0,0,0,0,0,0,0,0,0,0,0,0,0,0,0,0,0,0,0,0,0,0,0,1.9316e+06,2.0844e+05,2.7663e+05,2.4606e+06,7.6499e+05,3.568e+06,1.5681e+06,8.4138e+05,3.0278e+05,1.7592e+05,0,0,0,0,0,0,0,0,0,0,0,0,0,0,0,0,0,0,0,0,0,0,0,0,0,0,0,0,0,0,0,0,0,0,0,0,0,0,0,0,5.7957e+05,1.635e+05,2.1726e+05,1.6187e+06,1.3452e+05,1.0303e+06,1.1016e+06,1.9467e+05,52713,2.3691e+05
1.9341e+06,2.123e+05,2.8896e+05,2.7039e+06,8.9761e+05,3.8407e+06,1.5681e+06,8.673e+05,4.0758e+05,1.5702e+05,0,0,0,0,0,0,0,0,0,0,0,0,0,0,0,0,0,0,0,0,0,0,0,0,0,0,0,0,0,0,0,0,0,0,0,0,0,0,0,0,1.9316e+06,2.123e+05,2.7663e+05,2.4606e+06,7.6499e+05,3.568e+06,1.5681e+06,7.7914e+05,3.0278e+05,1.7592e+05,0,0,0,0,0,0,0,0,0,0,0,0,0,0,0,0,0,0,0,0,0,0,0,0,0,0,0,0,0,0,0,0,0,0,0,0,0,0,0,0,6.1103e+05,1.635e+05,2.1733e+05,1.6187e+06,1.3452e+05,1.0303e+06,1.1014e+06,1.4476e+05,50789,2.2832e+05
1.9341e+06,2.123e+05,2.8896e+05,2.7039e+06,8.9761e+05,1.6383e+06,1.5681e+06,8.673e+05,3.7765e+05,1.5702e+05,0,0,0,0,0,0,0,0,0,0,0,0,0,0,0,0,0,0,0,0,0,0,0,0,0,0,0,0,0,0,0,0,0,0,0,0,0,0,0,0,1.7488e+06,2.123e+05,2.7663e+05,2.4606e+06,7.6499e+05,1.3343e+06,1.5681e+06,7.2673e+05,2.1441e+05,1.7592e+05,0,0,0,0,0,0,0,0,0,0,0,0,0,0,0,0,0,0,0,0,0,0,0,0,0,0,0,0,0,0,0,0,0,0,0,0,0,0,0,0,5.7354e+05,1.3768e+05,2.1702e+05,1.6187e+06,1.3452e+05,1.0303e+06,1.1011e+06,1.1581e+05,50789,2.2574e+05
1.9341e+06,2.1414e+05,2.8896e+05,2.7039e+06,8.7186e+05,1.6383e+06,1.5681e+06,8.673e+05,2.6924e+05,1.3336e+05,0,0,0,0,0,0,0,0,0,0,0,0,0,0,0,0,0,0,0,0,0,0,0,0,0,0,0,0,0,0,0,0,0,0,0,0,0,0,0,0,1.5729e+06,2.227e+05,2.7663e+05,2.4606e+06,4.9402e+05,1.3343e+06,1.5681e+06,6.7044e+05,1.604e+05,1.7024e+05,0,0,0,0,0,0,0,0,0,0,0,0,0,0,0,0,0,0,0,0,0,0,0,0,0,0,0,0,0,0,0,0,0,0,0,0,0,0,0,0,6.2598e+05,1.3768e+05,2.1702e+05,1.6187e+06,1.1618e+05,9.2105e+05,1.1011e+06,88851,50789,2.0712e+05
1.9341e+06,2.1414e+05,2.0672e+05,2.7039e+06,8.7186e+05,1.6383e+06,1.5681e+06,8.673e+05,2.6924e+05,1.3336e+05,0,0,0,0,0,0,0,0,0,0,0,0,0,0,0,0,0,0,0,0,0,0,0,0,0,0,0,0,0,0,0,0,0,0,0,0,0,0,0,0,1.4912e+06,2.227e+05,2.1198e+05,2.4606e+06,4.9402e+05,1.3343e+06,1.5681e+06,6.2273e+05,1.604e+05,1.7024e+05,0,0,0,0,0,0,0,0,0,0,0,0,0,0,0,0,0,0,0,0,0,0,0,0,0,0,0,0,0,0,0,0,0,0,0,0,0,0,0,0,6.2598e+05,1.3768e+05,2.1735e+05,1.6187e+06,85606,7.025e+05,1.1009e+06,77869,50019,1.7561e+05
1.9341e+06,2.1414e+05,2.0672e+05,2.7039e+06,8.7186e+05,1.6383e+06,1.5681e+06,8.673e+05,2.2002e+05,1.3336e+05,0,0,0,0,0,0,0,0,0,0,0,0,0,0,0,0,0,0,0,0,0,0,0,0,0,0,0,0,0,0,0,0,0,0,0,0,0,0,0,0,1.2067e+06,2.227e+05,2.1198e+05,2.4606e+06,4.9402e+05,1.3343e+06,1.5681e+06,5.7092e+05,1.3694e+05,1.7024e+05,0,0,0,0,0,0,0,0,0,0,0,0,0,0,0,0,0,0,0,0,0,0,0,0,0,0,0,0,0,0,0,0,0,0,0,0,0,0,0,0,5.686e+05,1.3768e+05,2.1735e+05,1.6187e+06,65224,6.7127e+05,1.0993e+06,67886,50019,1.4209e+05
1.9341e+06,2.1414e+05,1.6826e+05,2.7039e+06,8.6081e+05,1.6383e+06,1.5681e+06,8.673e+05,2.2002e+05,1.3336e+05,0,0,0,0,0,0,0,0,0,0,0,0,0,0,0,0,0,0,0,0,0,0,0,0,0,0,0,0,0,0,0,0,0,0,0,0,0,0,0,0,1.4685e+06,2.227e+05,1.928e+05,2.4606e+06,4.5792e+05,1.3343e+06,1.5681e+06,5.4284e+05,1.3694e+05,1.5124e+05,0,0,0,0,0,0,0,0,0,0,0,0,0,0,0,0,0,0,0,0,0,0,0,0,0,0,0,0,0,0,0,0,0,0,0,0,0,0,0,0,6.1375e+05,1.3977e+05,2.1735e+05,1.6187e+06,55032,4.5272e+05,1.097e+06,55906,50019,98834
1.9341e+06,71279,1.6345e+05,2.655e+06,7.4335e+05,1.6383e+06,1.5681e+06,7.0947e+05,2.2002e+05,1.1616e+05,0,0,0,0,0,0,0,0,0,0,0,0,0,0,0,0,0,0,0,0,0,0,0,0,0,0,0,0,0,0,0,0,0,0,0,0,0,0,0,0,1.4685e+06,94100,1.904e+05,2.4606e+06,3.9614e+05,1.3343e+06,1.5681e+06,3.7021e+05,1.3694e+05,92884,0,0,0,0,0,0,0,0,0,0,0,0,0,0,0,0,0,0,0,0,0,0,0,0,0,0,0,0,0,0,0,0,0,0,0,0,0,0,0,0,6.0174e+05,1.3977e+05,2.1735e+05,1.6187e+06,48918,3.7466e+05,1.0929e+06,30948,50019,69613
1.9341e+06,1.0241e+05,96149,1.3637e+06,6.3752e+05,1.6383e+06,1.5681e+06,6.1283e+05,2.2002e+05,62572,0,0,0,0,0,0,0,0,0,0,0,0,0,0,0,0,0,0,0,0,0,0,0,0,0,0,0,0,0,0,0,0,0,0,0,0,0,0,0,0,1.4685e+06,82071,1.5675e+05,1.9889e+06,3.3863e+05,1.3343e+06,1.5681e+06,3.2139e+05,1.3694e+05,55063,0,0,0,0,0,0,0,0,0,0,0,0,0,0,0,0,0,0,0,0,0,0,0,0,0,0,0,0,0,0,0,0,0,0,0,0,0,0,0,0,6.1815e+05,1.6432e+05,2.1735e+05,1.6187e+06,39746,3.7466e+05,1.0863e+06,29950,89650,47555
1.9341e+06,22768,1.971e+05,1.2486e+06,5.343e+05,1.6383e+06,1.5681e+06,5.3721e+05,1.4084e+05,62572,0,0,0,0,0,0,0,0,0,0,0,0,0,0,0,0,0,0,0,0,0,0,0,0,0,0,0,0,0,0,0,0,0,0,0,0,0,0,0,0,1.3712e+06,82071,1.5675e+05,1.9543e+06,2.8448e+05,1.3343e+06,1.5681e+06,2.8508e+05,1.1967e+05,55063,0,0,0,0,0,0,0,0,0,0,0,0,0,0,0,0,0,0,0,0,0,0,0,0,0,0,0,0,0,0,0,0,0,0,0,0,0,0,0,0,4.9528e+05,1.6432e+05,2.1735e+05,1.6187e+06,34650,3.7466e+05,1.0746e+06,32945,98499,29507
1.3162e+06,71185,86534,1.1024e+06,4.6522e+05,1.6383e+06,1.5681e+06,5.3721e+05,1.4084e+05,48818,0,0,0,0,0,0,0,0,0,0,0,0,0,0,0,0,0,0,0,0,0,0,0,0,0,0,0,0,0,0,0,0,0,0,0,0,0,0,0,0,8.9305e+05,82161,1.5194e+05,1.881e+06,2.4586e+05,1.3343e+06,1.5681e+06,2.8508e+05,1.1967e+05,35009,0,0,0,0,0,0,0,0,0,0,0,0,0,0,0,0,0,0,0,0,0,0,0,0,0,0,0,0,0,0,0,0,0,0,0,0,0,0,0,0,4.6992e+05,1.6432e+05,2.1735e+05,1.6187e+06,26497,2.9661e+05,1.0663e+06,14975,1.1081e+05,21199
8.3757e+05,80673,67292,8.8195e+05,3.9297e+05,1.6383e+06,7.1303e+05,5.1216e+05,63452,48818,0,0,0,0,0,0,0,0,0,0,0,0,0,0,0,0,0,0,0,0,0,0,0,0,0,0,0,0,0,0,0,0,0,0,0,0,0,0,0,0,6.6538e+05,82161,1.255e+05,1.7428e+06,2.0872e+05,1.3288e+06,8.8795e+05,2.6157e+05,88286,35009,0,0,0,0,0,0,0,0,0,0,0,0,0,0,0,0,0,0,0,0,0,0,0,0,0,0,0,0,0,0,0,0,0,0,0,0,0,0,0,0,4.9319e+05,1.6432e+05,2.1735e+05,1.6187e+06,24459,3.3128e+05,1.0629e+06,10982,1.1312e+05,16329
3.6611e+05,80673,53846,2.0563e+05,3.1865e+05,1.6383e+06,7.1303e+05,4.1386e+05,51323,48818,0,0,0,0,0,0,0,0,0,0,0,0,0,0,0,0,0,0,0,0,0,0,0,0,0,0,0,0,0,0,0,0,0,0,0,0,0,0,0,0,4.059e+05,82161,1.1829e+05,1.4217e+06,1.6901e+05,1.0603e+06,8.8795e+05,2.0843e+05,79144,31916,0,0,0,0,0,0,0,0,0,0,0,0,0,0,0,0,0,0,0,0,0,0,0,0,0,0,0,0,0,0,0,0,0,0,0,0,0,0,0,0,5.1268e+05,1.6432e+05,2.1735e+05,1.6187e+06,28535,3.2783e+05,1.0629e+06,2995,1.0696e+05,14324
3.6611e+05,82154,53846,1.7543e+05,2.4292e+05,1.4139e+06,7.1303e+05,3.2383e+05,27919,37882,0,0,0,0,0,0,0,0,0,0,0,0,0,0,0,0,0,0,0,0,0,0,0,0,0,0,0,0,0,0,0,0,0,0,0,0,0,0,0,0,3.2957e+05,82161,1.1348e+05,1.3887e+06,1.3573e+05,9.0208e+05,8.8795e+05,1.6341e+05,68596,21949,0,0,0,0,0,0,0,0,0,0,0,0,0,0,0,0,0,0,0,0,0,0,0,0,0,0,0,0,0,0,0,0,0,0,0,0,0,0,0,0,4.7049e+05,1.6432e+05,2.1735e+05,1.6187e+06,28535,3.2783e+05,1.0629e+06,2995,1.0696e+05,6016
2.4021e+05,82154,8609.3,1.7016e+05,1.7601e+05,8.5794e+05,6.1587e+05,2.4326e+05,2808.5,15575,0,0,0,0,0,0,0,0,0,0,0,0,0,0,0,0,0,0,0,0,0,0,0,0,0,0,0,0,0,0,0,0,0,0,0,0,0,0,0,0,2.4047e+05,82161,1.0867e+05,1.3363e+06,1.0329e+05,5.8508e+05,8.4571e+05,1.2213e+05,40842,10079,0,0,0,0,0,0,0,0,0,0,0,0,0,0,0,0,0,0,0,0,0,0,0,0,0,0,0,0,0,0,0,0,0,0,0,0,0,0,0,0,4.2111e+05,1.6432e+05,2.1735e+05,1.6187e+06,30574,3.1222e+05,1.0629e+06,998.32,78876,4583.6
2.4021e+05,82154,8609.3,1.0449e+05,1.1346e+05,2.983e+05,5.1886e+05,1.6361e+05,10,14860,0,0,0,0,0,0,0,0,0,0,0,0,0,0,0,0,0,0,0,0,0,0,0,0,0,0,0,0,0,0,0,0,0,0,0,0,0,0,0,0,2.0734e+05,82161,1.0865e+05,1.3169e+06,68961,3.0526e+05,8.0239e+05,81805,31743,9292,0,0,0,0,0,0,0,0,0,0,0,0,0,0,0,0,0,0,0,0,0,0,0,0,0,0,0,0,0,0,0,0,0,0,0,0,0,0,0,0,4.1468e+05,1.6432e+05,2.1731e+05,1.6187e+06,57997,3.1222e+05,1.0629e+06,998.33,63486,3724.2
2.2311e+05,82154,1623,1.0449e+05,71218,2.983e+05,2.159e+05,48658,30525,29005,0,0,0,0,0,0,0,0,0,0,0,0,0,0,0,0,0,0,0,0,0,0,0,0,0,0,0,0,0,0,0,0,0,0,0,0,0,0,0,0,2.5558e+05,82161,1.0865e+05,1.2389e+06,68961,1.7035e+05,6.5461e+05,40318,31191,14950,0,0,0,0,0,0,0,0,0,0,0,0,0,0,0,0,0,0,0,0,0,0,0,0,0,0,0,0,0,0,0,0,0,0,0,0,0,0,0,0,4.358e+05,1.6432e+05,2.1731e+05,1.6187e+06,57997,3.2783e+05,1.0629e+06,998.33,50789,3724.2
1.6046e+05,70836,10.002,1.2634e+05,71218,2.6622e+05,1.2905e+05,42270,23819,29005,0,0,0,0,0,0,0,0,0,0,0,0,0,0,0,0,0,0,0,0,0,0,0,0,0,0,0,0,0,0,0,0,0,0,0,0,0,0,0,0,2.7459e+05,82161,1.0855e+05,1.1403e+06,68961,1.9514e+05,5.4782e+05,15277,28857,8083.3,0,0,0,0,0,0,0,0,0,0,0,0,0,0,0,0,0,0,0,0,0,0,0,0,0,0,0,0,0,0,0,0,0,0,0,0,0,0,0,0,4.358e+05,1.6432e+05,2.1711e+05,1.6187e+06,37707,3.7892e+05,1.0629e+06,10.002,57714,10.001
1.6253e+05,70836,10.004,1.3343e+05,71218,1.8382e+05,1.2905e+05,12721,16446,29005,0,0,0,0,0,0,0,0,0,0,0,0,0,0,0,0,0,0,0,0,0,0,0,0,0,0,0,0,0,0,0,0,0,0,0,0,0,0,0,0,2.9938e+05,82161,1.0853e+05,1.0761e+06,55889,1.9514e+05,5.4781e+05,10.288,24817,10.031,0,0,0,0,0,0,0,0,0,0,0,0,0,0,0,0,0,0,0,0,0,0,0,0,0,0,0,0,0,0,0,0,0,0,0,0,0,0,0,0,4.358e+05,1.6432e+05,2.1707e+05,1.6187e+06,42803,3.7892e+05,1.0629e+06,10.001,49634,10.001
1.3278e+05,57855,10.006,1.0238e+05,52130,1.141e+05,99744,10.021,10208,24399,0,0,0,0,0,0,0,0,0,0,0,0,0,0,0,0,0,0,0,0,0,0,0,0,0,0,0,0,0,0,0,0,0,0,0,0,0,0,0,0,2.9938e+05,82161,1.0649e+05,1.0392e+06,11832,1.9514e+05,5.4781e+05,10.002,24432,10,0,0,0,0,0,0,0,0,0,0,0,0,0,0,0,0,0,0,0,0,0,0,0,0,0,0,0,0,0,0,0,0,0,0,0,0,0,0,0,0,4.358e+05,1.6432e+05,2.1298e+05,1.6187e+06,22421,3.7892e+05,1.0629e+06,10.002,48865,10.003
1.3278e+05,57855,10,37953,29492,74616,41404,9.9953,6700.9,11656,0,0,0,0,0,0,0,0,0,0,0,0,0,0,0,0,0,0,0,0,0,0,0,0,0,0,0,0,0,0,0,0,0,0,0,0,0,0,0,0,2.9938e+05,82161,98263,9.7407e+05,13758,1.7953e+05,5.4781e+05,998.33,17122,10.02,0,0,0,0,0,0,0,0,0,0,0,0,0,0,0,0,0,0,0,0,0,0,0,0,0,0,0,0,0,0,0,0,0,0,0,0,0,0,0,0,4.358e+05,1.6432e+05,1.9653e+05,1.6187e+06,27516,3.5905e+05,1.0629e+06,1996.6,34244,10.002
98425,44666,10,1.7893e+05,1.4104e+05,3.4341e+05,1.1365e+05,10.006,34132,50609,0,0,0,0,0,0,0,0,0,0,0,0,0,0,0,0,0,0,0,0,0,0,0,0,0,0,0,0,0,0,0,0,0,0,0,0,0,0,0,0,2.9938e+05,82160,84657,9.6955e+05,1.205e+05,2.3417e+05,5.4781e+05,1497.8,34132,16717,0,0,0,0,0,0,0,0,0,0,0,0,0,0,0,0,0,0,0,0,0,0,0,0,0,0,0,0,0,0,0,0,0,0,0,0,0,0,0,0,4.358e+05,1.6432e+05,1.6931e+05,1.6187e+06,45558,4.6833e+05,1.0629e+06,2995.4,24625,10.028
98301,44666,10.004,1.6784e+05,1.4104e+05,3.2442e+05,1.1365e+05,10.003,29135,49680,0,0,0,0,0,0,0,0,0,0,0,0,0,0,0,0,0,0,0,0,0,0,0,0,0,0,0,0,0,0,0,0,0,0,0,0,0,0,0,0,2.9938e+05,82160,84657,9.4053e+05,1.0281e+05,2.3417e+05,5.4781e+05,1497.5,29134,14366,0,0,0,0,0,0,0,0,0,0,0,0,0,0,0,0,0,0,0,0,0,0,0,0,0,0,0,0,0,0,0,0,0,0,0,0,0,0,0,0,4.358e+05,1.6432e+05,1.6931e+05,1.6187e+06,45558,4.6833e+05,1.0629e+06,2995.4,13082,10.001
98301,48200,10.005,1.6784e+05,1.4104e+05,3.4883e+05,1.1365e+05,10.005,34687,49680,0,0,0,0,0,0,0,0,0,0,0,0,0,0,0,0,0,0,0,0,0,0,0,0,0,0,0,0,0,0,0,0,0,0,0,0,0,0,0,0,2.9938e+05,82160,84657,9.4053e+05,1.178e+05,1.7953e+05,5.4781e+05,5990,34687,16989,0,0,0,0,0,0,0,0,0,0,0,0,0,0,0,0,0,0,0,0,0,0,0,0,0,0,0,0,0,0,0,0,0,0,0,0,0,0,0,0,4.358e+05,1.6432e+05,1.6931e+05,1.6187e+06,45558,3.5905e+05,1.0629e+06,11980,12697,16989
1.2353e+05,56840,10.106,86220,79896,2.1235e+05,88099,10.005,18998,29538,0,0,0,0,0,0,0,0,0,0,0,0,0,0,0,0,0,0,0,0,0,0,0,0,0,0,0,0,0,0,0,0,0,0,0,0,0,0,0,0,2.9938e+05,82160,79702,9.4053e+05,31826,2.888e+05,5.4781e+05,5990,4040,10.026,0,0,0,0,0,0,0,0,0,0,0,0,0,0,0,0,0,0,0,0,0,0,0,0,0,0,0,0,0,0,0,0,0,0,0,0,0,0,0,0,4.358e+05,1.6432e+05,1.594e+05,1.6187e+06,3057.4,4.6833e+05,1.0629e+06,11980,8080,10.008
90893,43514,10.059,55270,47667,1.103e+05,51649,10.007,9905.8,16752,0,0,0,0,0,0,0,0,0,0,0,0,0,0,0,0,0,0,0,0,0,0,0,0,0,0,0,0,0,0,0,0,0,0,0,0,0,0,0,0,2.9938e+05,82160,59901,9.4053e+05,11174,2.888e+05,5.4781e+05,5490.8,3078.1,10,0,0,0,0,0,0,0,0,0,0,0,0,0,0,0,0,0,0,0,0,0,0,0,0,0,0,0,0,0,0,0,0,0,0,0,0,0,0,0,0,4.358e+05,1.6432e+05,1.198e+05,1.6187e+06,3057.4,4.6833e+05,1.0629e+06,10982,6156.2,10.021
60121,26913,10.002,55270,76769,2.1036e+05,34975,10.007,20133,23986,0,0,0,0,0,0,0,0,0,0,0,0,0,0,0,0,0,0,0,0,0,0,0,0,0,0,0,0,0,0,0,0,0,0,0,0,0,0,0,0,2.9938e+05,82160,44741,9.4053e+05,58405,2.4197e+05,5.4781e+05,12978,1923.8,1558.6,0,0,0,0,0,0,0,0,0,0,0,0,0,0,0,0,0,0,0,0,0,0,0,0,0,0,0,0,0,0,0,0,0,0,0,0,0,0,0,0,4.358e+05,1.6432e+05,89480,1.6187e+06,5095.6,4.6833e+05,1.0629e+06,25956,3847.6,10.016
74204,39553,10.007,1.7891e+05,1.2312e+05,2.8841e+05,1.4238e+05,10.009,25804,48107,0,0,0,0,0,0,0,0,0,0,0,0,0,0,0,0,0,0,0,0,0,0,0,0,0,0,0,0,0,0,0,0,0,0,0,0,0,0,0,0,2.9938e+05,82160,33961,8.8958e+05,75552,2.3417e+05,5.4781e+05,15973,22475,12672,0,0,0,0,0,0,0,0,0,0,0,0,0,0,0,0,0,0,0,0,0,0,0,0,0,0,0,0,0,0,0,0,0,0,0,0,0,0,0,0,4.358e+05,1.6432e+05,67921,1.6187e+06,29065,4.6833e+05,1.0629e+06,31946,2308.6,10.003
83065,44880,10.011,1.7891e+05,1.2777e+05,3.0414e+05,1.4238e+05,10.011,30201,48107,0,0,0,0,0,0,0,0,0,0,0,0,0,0,0,0,0,0,0,0,0,0,0,0,0,0,0,0,0,0,0,0,0,0,0,0,0,0,0,0,2.9938e+05,82160,29853,8.6076e+05,90741,3.2783e+05,5.4781e+05,15973,11618,13564,0,0,0,0,0,0,0,0,0,0,0,0,0,0,0,0,0,0,0,0,0,0,0,0,0,0,0,0,0,0,0,0,0,0,0,0,0,0,0,0,4.358e+05,1.6432e+05,59706,1.6187e+06,31044,5.3044e+05,1.0629e+06,18968,1154.3,10.001
1.2138e+05,54253,10.163,1.7891e+05,1.2777e+05,3.0414e+05,1.4982e+05,10.009,30201,48107,0,0,0,0,0,0,0,0,0,0,0,0,0,0,0,0,0,0,0,0,0,0,0,0,0,0,0,0,0,0,0,0,0,0,0,0,0,0,0,0,2.9938e+05,82160,27027,8.3133e+05,90741,2.2636e+05,5.4781e+05,8035.1,27195,13564,0,0,0,0,0,0,0,0,0,0,0,0,0,0,0,0,0,0,0,0,0,0,0,0,0,0,0,0,0,0,0,0,0,0,0,0,0,0,0,0,4.358e+05,1.6432e+05,54055,1.6187e+06,31044,4.5272e+05,1.0629e+06,15973,1154.3,10.001
1.2138e+05,54253,10.158,89290,44714,87593,85148,10.002,7866.4,20721,0,0,0,0,0,0,0,0,0,0,0,0,0,0,0,0,0,0,0,0,0,0,0,0,0,0,0,0,0,0,0,0,0,0,0,0,0,0,0,0,2.9938e+05,82160,18279,7.946e+05,8662.5,2.6539e+05,5.4781e+05,6489.1,384.76,572.95,0,0,0,0,0,0,0,0,0,0,0,0,0,0,0,0,0,0,0,0,0,0,0,0,0,0,0,0,0,0,0,0,0,0,0,0,0,0,0,0,4.358e+05,1.6432e+05,36558,1.5892e+06,17325,4.5272e+05,1.0629e+06,12978,769.53,1145.9
93000,39256,10.081,63103,44714,1.0146e+05,47278,10.005,10492,20721,0,0,0,0,0,0,0,0,0,0,0,0,0,0,0,0,0,0,0,0,0,0,0,0,0,0,0,0,0,0,0,0,0,0,0,0,0,0,0,0,2.9984e+05,82160,14149,7.4e+05,8662.6,2.6539e+05,5.4781e+05,2495.8,961.91,1289.1,0,0,0,0,0,0,0,0,0,0,0,0,0,0,0,0,0,0,0,0,0,0,0,0,0,0,0,0,0,0,0,0,0,0,0,0,0,0,0,0,4.358e+05,1.6432e+05,28299,1.48e+06,15287,4.5272e+05,1.0629e+06,4991.6,1923.8,2578.3
34382,16471,10.001,1.0358e+05,79520,2.0105e+05,83275,10.008,18148,31182,0,0,0,0,0,0,0,0,0,0,0,0,0,0,0,0,0,0,0,0,0,0,0,0,0,0,0,0,0,0,0,0,0,0,0,0,0,0,0,0,3.1443e+05,82160,16595,6.8703e+05,30259,2.81e+05,5.4781e+05,2995,1154.3,1575.6,0,0,0,0,0,0,0,0,0,0,0,0,0,0,0,0,0,0,0,0,0,0,0,0,0,0,0,0,0,0,0,0,0,0,0,0,0,0,0,0,4.358e+05,1.6432e+05,28299,1.3741e+06,26497,4.6297e+05,1.0629e+06,5989.9,2308.6,3151.2
1.3082e+05,64105,10.007,1.4725e+05,89714,2.0105e+05,1.3263e+05,10.014,19980,36303,0,0,0,0,0,0,0,0,0,0,0,0,0,0,0,0,0,0,0,0,0,0,0,0,0,0,0,0,0,0,0,0,0,0,0,0,0,0,0,0,3.2101e+05,82160,30932,6.8703e+05,41335,2.6539e+05,5.4781e+05,9983.2,2885.7,3867.4,0,0,0,0,0,0,0,0,0,0,0,0,0,0,0,0,0,0,0,0,0,0,0,0,0,0,0,0,0,0,0,0,0,0,0,0,0,0,0,0,4.358e+05,1.6432e+05,28692,1.3741e+06,18344,4.6297e+05,1.0629e+06,6988.3,5771.4,4870.1
1.4271e+05,64105,10.156,1.4725e+05,68653,1.2977e+05,1.3525e+05,10.01,11654,31779,0,0,0,0,0,0,0,0,0,0,0,0,0,0,0,0,0,0,0,0,0,0,0,0,0,0,0,0,0,0,0,0,0,0,0,0,0,0,0,0,3.2101e+05,82160,30932,6.8703e+05,6114.7,3.5125e+05,5.4781e+05,9983.3,4424.8,3867.4,0,0,0,0,0,0,0,0,0,0,0,0,0,0,0,0,0,0,0,0,0,0,0,0,0,0,0,0,0,0,0,0,0,0,0,0,0,0,0,0,4.358e+05,1.6432e+05,28692,1.3741e+06,12229,4.6297e+05,1.0629e+06,19966,8849.6,7734.8
1.1993e+05,60539,10.104,1.4725e+05,68653,1.3621e+05,1.3525e+05,10.027,15161,31779,0,0,0,0,0,0,0,0,0,0,0,0,0,0,0,0,0,0,0,0,0,0,0,0,0,0,0,0,0,0,0,0,0,0,0,0,0,0,0,0,3.2101e+05,82160,30932,6.8703e+05,5095.6,3.5125e+05,5.4781e+05,12479,5579.1,3151.2,0,0,0,0,0,0,0,0,0,0,0,0,0,0,0,0,0,0,0,0,0,0,0,0,0,0,0,0,0,0,0,0,0,0,0,0,0,0,0,0,4.358e+05,1.6432e+05,28692,1.3741e+06,10191,4.6297e+05,1.0629e+06,24958,11158,6302.4
78927,37911,10.038,62161,65423,1.3621e+05,46945,10.016,15161,31779,0,0,0,0,0,0,0,0,0,0,0,0,0,0,0,0,0,0,0,0,0,0,0,0,0,0,0,0,0,0,0,0,0,0,0,0,0,0,0,0,3.2101e+05,82160,30932,6.6795e+05,5095.6,4.6052e+05,5.4781e+05,16972,7695.3,5586.3,0,0,0,0,0,0,0,0,0,0,0,0,0,0,0,0,0,0,0,0,0,0,0,0,0,0,0,0,0,0,0,0,0,0,0,0,0,0,0,0,4.358e+05,1.6432e+05,28692,1.3359e+06,10191,6.2142e+05,1.0629e+06,33943,15391,11173
45522,24725,10.028,62161,31944,68293,46945,10.013,6805.5,13707,0,0,0,0,0,0,0,0,0,0,0,0,0,0,0,0,0,0,0,0,0,0,0,0,0,0,0,0,0,0,0,0,0,0,0,0,0,0,0,0,3.2101e+05,82160,30932,6.6795e+05,3566.9,5.4639e+05,5.4781e+05,16972,9426.7,6016,0,0,0,0,0,0,0,0,0,0,0,0,0,0,0,0,0,0,0,0,0,0,0,0,0,0,0,0,0,0,0,0,0,0,0,0,0,0,0,0,4.358e+05,1.6432e+05,29143,1.3359e+06,7133.8,8.763e+05,1.0629e+06,33943,18853,12032
40732,24725,10.02,81447,29739,22709,79837,10.008,2039.6,13707,0,0,0,0,0,0,0,0,0,0,0,0,0,0,0,0,0,0,0,0,0,0,0,0,0,0,0,0,0,0,0,0,0,0,0,0,0,0,0,0,3.5593e+05,82160,34484,6.6795e+05,3057.4,7.9616e+05,5.4781e+05,14975,13274,6732.2,0,0,0,0,0,0,0,0,0,0,0,0,0,0,0,0,0,0,0,0,0,0,0,0,0,0,0,0,0,0,0,0,0,0,0,0,0,0,0,0,4.358e+05,1.6432e+05,33508,1.3359e+06,6114.7,8.763e+05,1.0629e+06,29950,26549,13464
1.5543e+05,67830,10.029,1.2109e+05,1.5561e+05,4.1201e+05,86300,10.019,36862,49536,0,0,0,0,0,0,0,0,0,0,0,0,0,0,0,0,0,0,0,0,0,0,0,0,0,0,0,0,0,0,0,0,0,0,0,0,0,0,0,0,3.6071e+05,82160,35419,6.6795e+05,3566.9,1.0537e+06,5.4781e+05,15973,16160,7018.6,0,0,0,0,0,0,0,0,0,0,0,0,0,0,0,0,0,0,0,0,0,0,0,0,0,0,0,0,0,0,0,0,0,0,0,0,0,0,0,0,4.358e+05,1.6432e+05,34049,1.3359e+06,7133.8,1.3599e+06,1.0629e+06,31946,32320,14037
1.3622e+05,67830,10.015,1.2443e+05,1.6284e+05,4.3555e+05,75059,10.023,43290,49536,0,0,0,0,0,0,0,0,0,0,0,0,0,0,0,0,0,0,0,0,0,0,0,0,0,0,0,0,0,0,0,0,0,0,0,0,0,0,0,0,3.6071e+05,82160,35419,6.6795e+05,5605.2,1.444e+06,5.4781e+05,8485.8,20200,9310.4,0,0,0,0,0,0,0,0,0,0,0,0,0,0,0,0,0,0,0,0,0,0,0,0,0,0,0,0,0,0,0,0,0,0,0,0,0,0,0,0,4.358e+05,1.6432e+05,34049,1.3359e+06,11210,1.3599e+06,1.0629e+06,16972,40400,18621
1.5906e+05,69614,10.262,71638,46846,94081,69059,9.9956,8449,17878,0,0,0,0,0,0,0,0,0,0,0,0,0,0,0,0,0,0,0,0,0,0,0,0,0,0,0,0,0,0,0,0,0,0,0,0,0,0,0,0,3.6071e+05,82160,35419,6.6795e+05,11210,1.444e+06,5.4781e+05,3993.3,27895,12175,0,0,0,0,0,0,0,0,0,0,0,0,0,0,0,0,0,0,0,0,0,0,0,0,0,0,0,0,0,0,0,0,0,0,0,0,0,0,0,0,4.358e+05,1.6432e+05,34049,1.3359e+06,22421,1.3599e+06,1.0629e+06,7986.6,55790,24350
81034,33653,10.001,1.9383e+05,2.629e+05,7.0916e+05,69059,10.003,70484,78501,0,0,0,0,0,0,0,0,0,0,0,0,0,0,0,0,0,0,0,0,0,0,0,0,0,0,0,0,0,0,0,0,0,0,0,0,0,0,0,0,3.6071e+05,82160,35419,6.6795e+05,39236,1.6551e+06,5.4781e+05,1497.5,37899,13035,0,0,0,0,0,0,0,0,0,0,0,0,0,0,0,0,0,0,0,0,0,0,0,0,0,0,0,0,0,0,0,0,0,0,0,0,0,0,0,0,4.358e+05,1.6432e+05,34049,1.3359e+06,56682,1.4133e+06,1.0629e+06,2995,75798,26069
46371,23015,10.004,53941,1.2366e+05,3.7081e+05,35462,10.009,33176,36883,0,0,0,0,0,0,0,0,0,0,0,0,0,0,0,0,0,0,0,0,0,0,0,0,0,0,0,0,0,0,0,0,0,0,0,0,0,0,0,0,3.6071e+05,82160,35419,7.0053e+05,39236,1.6551e+06,5.4781e+05,1497.5,44633,14324,0,0,0,0,0,0,0,0,0,0,0,0,0,0,0,0,0,0,0,0,0,0,0,0,0,0,0,0,0,0,0,0,0,0,0,0,0,0,0,0,4.358e+05,1.6432e+05,34049,1.3359e+06,78472,1.4133e+06,1.0629e+06,2995,89265,28647
92992,42785,10.031,31669,1.1526e+05,3.5362e+05,24246,10.008,31757,32435,0,0,0,0,0,0,0,0,0,0,0,0,0,0,0,0,0,0,0,0,0,0,0,0,0,0,0,0,0,0,0,0,0,0,0,0,0,0,0,0,3.6071e+05,82160,35419,7.1622e+05,46370,1.6551e+06,5.4781e+05,4991.6,48865,16902,0,0,0,0,0,0,0,0,0,0,0,0,0,0,0,0,0,0,0,0,0,0,0,0,0,0,0,0,0,0,0,0,0,0,0,0,0,0,0,0,4.358e+05,1.6432e+05,34049,1.3359e+06,92740,1.4133e+06,1.0629e+06,9983.2,97730,33804
1.1717e+05,52085,10.033,2.0836e+05,2.5402e+05,7.0986e+05,1.5995e+05,10.004,63517,86600,0,0,0,0,0,0,0,0,0,0,0,0,0,0,0,0,0,0,0,0,0,0,0,0,0,0,0,0,0,0,0,0,0,0,0,0,0,0,0,0,3.6071e+05,82160,35419,8.1652e+05,55032,1.6551e+06,5.4781e+05,4492.5,55598,19624,0,0,0,0,0,0,0,0,0,0,0,0,0,0,0,0,0,0,0,0,0,0,0,0,0,0,0,0,0,0,0,0,0,0,0,0,0,0,0,0,4.358e+05,1.6432e+05,34049,1.3359e+06,1.1006e+05,1.4133e+06,1.0629e+06,8984.9,1.112e+05,39247
1.2854e+05,52085,10.042,2.4677e+05,2.6056e+05,7.0986e+05,1.7678e+05,10.068,64102,91234,0,0,0,0,0,0,0,0,0,0,0,0,0,0,0,0,0,0,0,0,0,0,0,0,0,0,0,0,0,0,0,0,0,0,0,0,0,0,0,0,3.6071e+05,82160,35419,8.1652e+05,73805,1.1084e+06,5.4781e+05,4492.4,60985,21199,0,0,0,0,0,0,0,0,0,0,0,0,0,0,0,0,0,0,0,0,0,0,0,0,0,0,0,0,0,0,0,0,0,0,0,0,0,0,0,0,4.358e+05,1.6432e+05,34049,1.3359e+06,1.1618e+05,1.4133e+06,1.0629e+06,998.32,1.2197e+05,42398
1.2044e+05,51142,10.028,1.3572e+05,1.9437e+05,4.9793e+05,45017,10.009,52458,86323,0,0,0,0,0,0,0,0,0,0,0,0,0,0,0,0,0,0,0,0,0,0,0,0,0,0,0,0,0,0,0,0,0,0,0,0,0,0,0,0,3.6071e+05,82160,35419,8.3012e+05,1.3822e+05,5.8541e+05,5.3414e+05,4492.5,70027,22345,0,0,0,0,0,0,0,0,0,0,0,0,0,0,0,0,0,0,0,0,0,0,0,0,0,0,0,0,0,0,0,0,0,0,0,0,0,0,0,0,4.358e+05,1.6432e+05,34049,1.3359e+06,1.3452e+05,1.1708e+06,1.0629e+06,10.001,1.4005e+05,44690
41838,22935,10.017,3.4036e+05,1.9437e+05,4.4054e+05,2.8335e+05,10.018,39415,86323,0,0,0,0,0,0,0,0,0,0,0,0,0,0,0,0,0,0,0,0,0,0,0,0,0,0,0,0,0,0,0,0,0,0,0,0,0,0,0,0,3.6071e+05,81626,35419,8.7375e+05,1.3822e+05,2.9425e+05,4.6355e+05,10.177,73297,22345,0,0,0,0,0,0,0,0,0,0,0,0,0,0,0,0,0,0,0,0,0,0,0,0,0,0,0,0,0,0,0,0,0,0,0,0,0,0,0,0,4.358e+05,1.6322e+05,34049,1.3359e+06,1.651e+05,3.4344e+05,9.2711e+05,10.005,1.4659e+05,44690
44781,22935,10.034,1.8698e+05,1.3159e+05,3.1666e+05,1.3375e+05,10.021,30057,51532,0,0,0,0,0,0,0,0,0,0,0,0,0,0,0,0,0,0,0,0,0,0,0,0,0,0,0,0,0,0,0,0,0,0,0,0,0,0,0,0,3.6071e+05,74421,35419,8.7375e+05,1.0356e+05,89142,3.3975e+05,10,80608,22918,0,0,0,0,0,0,0,0,0,0,0,0,0,0,0,0,0,0,0,0,0,0,0,0,0,0,0,0,0,0,0,0,0,0,0,0,0,0,0,0,4.358e+05,1.4884e+05,34049,1.3359e+06,1.8854e+05,1.405e+05,6.795e+05,10.001,1.6122e+05,45836
73625,28364,10.103,1.8698e+05,1.2532e+05,2.8955e+05,1.2377e+05,10.052,28447,49313,0,0,0,0,0,0,0,0,0,0,0,0,0,0,0,0,0,0,0,0,0,0,0,0,0,0,0,0,0,0,0,0,0,0,0,0,0,0,0,0,3.6071e+05,56346,35419,8.5975e+05,1.0599e+05,85575,2.2328e+05,10.001,82339,21056,0,0,0,0,0,0,0,0,0,0,0,0,0,0,0,0,0,0,0,0,0,0,0,0,0,0,0,0,0,0,0,0,0,0,0,0,0,0,0,0,4.358e+05,1.1269e+05,34049,1.3359e+06,2.1198e+05,10.015,4.4657e+05,10,1.6468e+05,42112
1.0626e+05,54331,10.124,2.9887e+05,1.3935e+05,2.8955e+05,2.7625e+05,10.068,28447,68016,0,0,0,0,0,0,0,0,0,0,0,0,0,0,0,0,0,0,0,0,0,0,0,0,0,0,0,0,0,0,0,0,0,0,0,0,0,0,0,0,3.6071e+05,54875,41225,8.6969e+05,1.121e+05,97901,2.1507e+05,10.001,86187,20913,0,0,0,0,0,0,0,0,0,0,0,0,0,0,0,0,0,0,0,0,0,0,0,0,0,0,0,0,0,0,0,0,0,0,0,0,0,0,0,0,4.358e+05,1.0975e+05,34049,1.3359e+06,2.2421e+05,10.059,4.3013e+05,10.004,1.7237e+05,41825
76523,48239,10.004,3.0503e+05,1.6328e+05,3.2961e+05,2.7625e+05,10.073,29490,72662,0,0,0,0,0,0,0,0,0,0,0,0,0,0,0,0,0,0,0,0,0,0,0,0,0,0,0,0,0,0,0,0,0,0,0,0,0,0,0,0,3.6071e+05,50480,41225,8.6969e+05,1.2178e+05,2.7319e+05,1.623e+05,10.005,85995,19480,0,0,0,0,0,0,0,0,0,0,0,0,0,0,0,0,0,0,0,0,0,0,0,0,0,0,0,0,0,0,0,0,0,0,0,0,0,0,0,0,4.358e+05,1.0096e+05,34049,1.3359e+06,2.4357e+05,5.4639e+05,3.076e+05,9.9991,1.7199e+05,38961
61875,27997,10.011,2.9781e+05,2.2877e+05,5.6739e+05,2.1098e+05,10.079,53309,87116,0,0,0,0,0,0,0,0,0,0,0,0,0,0,0,0,0,0,0,0,0,0,0,0,0,0,0,0,0,0,0,0,0,0,0,0,0,0,0,0,3.6071e+05,36693,41225,8.7294e+05,1.3554e+05,7.6494e+05,1.2998e+05,10.01,88303,19910,0,0,0,0,0,0,0,0,0,0,0,0,0,0,0,0,0,0,0,0,0,0,0,0,0,0,0,0,0,0,0,0,0,0,0,0,0,0,0,0,4.358e+05,73386,34049,1.3359e+06,2.7109e+05,1.2188e+06,2.5643e+05,10.001,1.7199e+05,39247
1.1085e+05,71039,10.164,2.9781e+05,2.5814e+05,6.4774e+05,2.1098e+05,10.085,64379,88348,0,0,0,0,0,0,0,0,0,0,0,0,0,0,0,0,0,0,0,0,0,0,0,0,0,0,0,0,0,0,0,0,0,0,0,0,0,0,0,0,2.6901e+05,23835,41225,8.7294e+05,1.2434e+05,1.2099e+06,97662,10.013,92536,19624,0,0,0,0,0,0,0,0,0,0,0,0,0,0,0,0,0,0,0,0,0,0,0,0,0,0,0,0,0,0,0,0,0,0,0,0,0,0,0,0,4.358e+05,47670,34049,1.3359e+06,2.4866e+05,1.2188e+06,1.3941e+05,10.003,1.7199e+05,39247
50622,33648,10.134,1.7385e+05,2.2676e+05,6.402e+05,1.4501e+05,10.078,57279,75958,0,0,0,0,0,0,0,0,0,0,0,0,0,0,0,0,0,0,0,0,0,0,0,0,0,0,0,0,0,0,0,0,0,0,0,0,0,0,0,0,2.6901e+05,13598,41225,8.7294e+05,1.3249e+05,1.2099e+06,74476,10.037,93690,19767,0,0,0,0,0,0,0,0,0,0,0,0,0,0,0,0,0,0,0,0,0,0,0,0,0,0,0,0,0,0,0,0,0,0,0,0,0,0,0,0,4.358e+05,27195,34049,1.3359e+06,2.6497e+05,1.2188e+06,91652,10.052,1.7199e+05,39247
29830,24876,10.125,1.528e+05,1.7031e+05,4.6906e+05,1.3427e+05,10.083,41967,59520,0,0,0,0,0,0,0,0,0,0,0,0,0,0,0,0,0,0,0,0,0,0,0,0,0,0,0,0,0,0,0,0,0,0,0,0,0,0,0,0,2.6901e+05,13598,41225,8.6747e+05,1.4166e+05,1.2099e+06,68855,10.015,90804,16043,0,0,0,0,0,0,0,0,0,0,0,0,0,0,0,0,0,0,0,0,0,0,0,0,0,0,0,0,0,0,0,0,0,0,0,0,0,0,0,0,4.3579e+05,27194,34048,1.3359e+06,2.6497e+05,1.2188e+06,68855,10.017,1.7199e+05,32085
