1.6153e+05,79874,10.447,67436,91177,2.1686e+05,60483,10.151,23373,42656,0,0,0,0,0,0,0,0,0,0,0,0,0,0,0,0,0,0,0,0,0,0,0,0,0,0,0,0,0,0,0,0,0,0,0,0,0,0,0,0,3.5941e+05,41978,48213,1.0189e+05,1.8682e+05,4.4136e+05,2.0749e+05,92197,43639,22590,0,0,0,0,0,0,0,0,0,0,0,0,0,0,0,0,0,0,0,0,0,0,0,0,0,0,0,0,0,0,0,0,0,0,0,0,0,0,0,0,3.5885e+05,41782,47517,1.8258e+05,1.142e+05,4.0855e+05,3.296e+05,92197,38717,27752
1.7196e+05,83514,10.682,1.7363e+05,95202,2.1449e+05,1.7696e+05,10.301,20990,46864,0,0,0,0,0,0,0,0,0,0,0,0,0,0,0,0,0,0,0,0,0,0,0,0,0,0,0,0,0,0,0,0,0,0,0,0,0,0,0,0,3.9314e+05,46048,51554,1.303e+05,2.571e+05,4.8619e+05,2.4732e+05,93320,49654,23240,0,0,0,0,0,0,0,0,0,0,0,0,0,0,0,0,0,0,0,0,0,0,0,0,0,0,0,0,0,0,0,0,0,0,0,0,0,0,0,0,3.9232e+05,45764,50683,2.5001e+05,1.4791e+05,4.3441e+05,4.3151e+05,93319,39412,32832
27182,27087,10.002,3.078e+05,95202,1.0322e+05,2.8269e+05,10.3,15413,50139,0,0,0,0,0,0,0,0,0,0,0,0,0,0,0,0,0,0,0,0,0,0,0,0,0,0,0,0,0,0,0,0,0,0,0,0,0,0,0,0,3.9777e+05,46836,51554,1.1082e+05,3.098e+05,5.0161e+05,2.4656e+05,93320,50877,23097,0,0,0,0,0,0,0,0,0,0,0,0,0,0,0,0,0,0,0,0,0,0,0,0,0,0,0,0,0,0,0,0,0,0,0,0,0,0,0,0,3.9666e+05,46463,50683,2.2164e+05,1.6955e+05,4.3441e+05,4.9311e+05,93319,39412,33975
2.2144e+05,84008,10.024,2.5304e+05,95608,1.6008e+05,2.0731e+05,10.301,17115,50790,0,0,0,0,0,0,0,0,0,0,0,0,0,0,0,0,0,0,0,0,0,0,0,0,0,0,0,0,0,0,0,0,0,0,0,0,0,0,0,0,4.1285e+05,48651,51554,80170,3.1542e+05,5.1493e+05,2.411e+05,93320,50877,21486,0,0,0,0,0,0,0,0,0,0,0,0,0,0,0,0,0,0,0,0,0,0,0,0,0,0,0,0,0,0,0,0,0,0,0,0,0,0,0,0,4.1205e+05,48389,50817,1.6034e+05,1.7231e+05,4.4262e+05,4.8219e+05,93319,39412,34113
65647,24628,10.005,2.1873e+05,95608,1.6331e+05,1.6293e+05,10.307,17446,50790,0,0,0,0,0,0,0,0,0,0,0,0,0,0,0,0,0,0,0,0,0,0,0,0,0,0,0,0,0,0,0,0,0,0,0,0,0,0,0,0,4.1285e+05,48651,51554,64339,3.1542e+05,5.1493e+05,2.3095e+05,93320,50877,22882,0,0,0,0,0,0,0,0,0,0,0,0,0,0,0,0,0,0,0,0,0,0,0,0,0,0,0,0,0,0,0,0,0,0,0,0,0,0,0,0,4.1205e+05,48389,50817,1.2868e+05,1.7231e+05,4.4858e+05,4.619e+05,93319,39412,34195
600.14,629.87,10.001,1.8849e+05,68688,74186,1.478e+05,10.002,6656.2,35125,0,0,0,0,0,0,0,0,0,0,0,0,0,0,0,0,0,0,0,0,0,0,0,0,0,0,0,0,0,0,0,0,0,0,0,0,0,0,0,0,4.1985e+05,49375,52935,49726,3.1542e+05,5.1493e+05,2.224e+05,93320,50877,22882,0,0,0,0,0,0,0,0,0,0,0,0,0,0,0,0,0,0,0,0,0,0,0,0,0,0,0,0,0,0,0,0,0,0,0,0,0,0,0,0,4.193e+05,49200,52372,99452,1.7231e+05,4.4858e+05,4.448e+05,93319,39412,34195
1.8387e+05,70547,10.033,1.4205e+05,90293,2.0663e+05,99750,10.035,20535,35542,0,0,0,0,0,0,0,0,0,0,0,0,0,0,0,0,0,0,0,0,0,0,0,0,0,0,0,0,0,0,0,0,0,0,0,0,0,0,0,0,4.391e+05,51417,55477,33692,3.1542e+05,5.1493e+05,2.2298e+05,93320,50877,22882,0,0,0,0,0,0,0,0,0,0,0,0,0,0,0,0,0,0,0,0,0,0,0,0,0,0,0,0,0,0,0,0,0,0,0,0,0,0,0,0,4.3885e+05,51331,54914,67384,1.7231e+05,4.5435e+05,4.448e+05,93319,39412,34195
2.1874e+05,94310,10.311,1.158e+05,85058,2.0663e+05,1.0058e+05,10.016,19282,32287,0,0,0,0,0,0,0,0,0,0,0,0,0,0,0,0,0,0,0,0,0,0,0,0,0,0,0,0,0,0,0,0,0,0,0,0,0,0,0,0,4.391e+05,51417,57017,19078,3.1542e+05,5.1493e+05,2.3316e+05,93320,50877,22882,0,0,0,0,0,0,0,0,0,0,0,0,0,0,0,0,0,0,0,0,0,0,0,0,0,0,0,0,0,0,0,0,0,0,0,0,0,0,0,0,4.3885e+05,51331,56855,38157,1.7231e+05,4.5435e+05,4.448e+05,93319,39412,34195
1.5093e+05,88004,10.124,40813,7737.8,3225.2,99475,10.01,289.51,6513.3,0,0,0,0,0,0,0,0,0,0,0,0,0,0,0,0,0,0,0,0,0,0,0,0,0,0,0,0,0,0,0,0,0,0,0,0,0,0,0,0,4.391e+05,51417,57017,6900.7,3.1542e+05,5.1493e+05,2.4218e+05,93320,50877,22882,0,0,0,0,0,0,0,0,0,0,0,0,0,0,0,0,0,0,0,0,0,0,0,0,0,0,0,0,0,0,0,0,0,0,0,0,0,0,0,0,4.3885e+05,51331,56855,13801,1.7231e+05,4.5435e+05,4.448e+05,93319,39412,34195
70672,49459,10.089,80198,33066,61424,1.0488e+05,10.142,6105,16326,0,0,0,0,0,0,0,0,0,0,0,0,0,0,0,0,0,0,0,0,0,0,0,0,0,0,0,0,0,0,0,0,0,0,0,0,0,0,0,0,4.391e+05,51416,57017,202.96,3.1542e+05,5.1493e+05,2.4931e+05,93320,50876,22882,0,0,0,0,0,0,0,0,0,0,0,0,0,0,0,0,0,0,0,0,0,0,0,0,0,0,0,0,0,0,0,0,0,0,0,0,0,0,0,0,4.3885e+05,51331,56855,405.93,1.7231e+05,4.5435e+05,4.448e+05,93319,39412,34195
31394,30833,10.058,78129,15764,9652.1,1.0488e+05,10.06,1062.2,12423,0,0,0,0,0,0,0,0,0,0,0,0,0,0,0,0,0,0,0,0,0,0,0,0,0,0,0,0,0,0,0,0,0,0,0,0,0,0,0,0,4.391e+05,51416,57017,10.011,3.1542e+05,5.1493e+05,2.5145e+05,93318,50875,22882,0,0,0,0,0,0,0,0,0,0,0,0,0,0,0,0,0,0,0,0,0,0,0,0,0,0,0,0,0,0,0,0,0,0,0,0,0,0,0,0,4.3885e+05,51331,56855,10.011,1.7231e+05,4.5435e+05,4.448e+05,93317,39411,34195
32655,30833,10.06,31310,8960.2,9695.1,63051,10.003,1133,7357.3,0,0,0,0,0,0,0,0,0,0,0,0,0,0,0,0,0,0,0,0,0,0,0,0,0,0,0,0,0,0,0,0,0,0,0,0,0,0,0,0,4.5931e+05,52057,57355,10.011,3.1542e+05,5.1493e+05,2.5145e+05,93317,50873,22882,0,0,0,0,0,0,0,0,0,0,0,0,0,0,0,0,0,0,0,0,0,0,0,0,0,0,0,0,0,0,0,0,0,0,0,0,0,0,0,0,4.5906e+05,53698,57193,10.018,1.7231e+05,4.5435e+05,4.448e+05,93313,39407,34195
33493,30833,10.06,99248,30726,44672,99811,10.039,4440,18050,0,0,0,0,0,0,0,0,0,0,0,0,0,0,0,0,0,0,0,0,0,0,0,0,0,0,0,0,0,0,0,0,0,0,0,0,0,0,0,0,4.8282e+05,51490,58963,10.014,3.1542e+05,5.1493e+05,2.5061e+05,93316,50872,22882,0,0,0,0,0,0,0,0,0,0,0,0,0,0,0,0,0,0,0,0,0,0,0,0,0,0,0,0,0,0,0,0,0,0,0,0,0,0,0,0,4.8282e+05,56546,58677,10.017,1.7231e+05,4.5435e+05,4.448e+05,93312,39407,34195
1.5267e+05,65471,10.188,87471,26130,38032,92011,10.016,3402.8,16248,0,0,0,0,0,0,0,0,0,0,0,0,0,0,0,0,0,0,0,0,0,0,0,0,0,0,0,0,0,0,0,0,0,0,0,0,0,0,0,0,5.1228e+05,54805,61131,10.003,3.1542e+05,5.1493e+05,2.5061e+05,93315,50871,22882,0,0,0,0,0,0,0,0,0,0,0,0,0,0,0,0,0,0,0,0,0,0,0,0,0,0,0,0,0,0,0,0,0,0,0,0,0,0,0,0,5.1228e+05,60078,60588,10.014,1.7231e+05,4.5435e+05,4.448e+05,93311,39406,34195
2.8659e+05,1.079e+05,10.381,2930.1,8492.8,25803,9269.1,10.008,2315.3,2457,0,0,0,0,0,0,0,0,0,0,0,0,0,0,0,0,0,0,0,0,0,0,0,0,0,0,0,0,0,0,0,0,0,0,0,0,0,0,0,0,5.4166e+05,56323,63040,9.9978,3.1539e+05,5.1493e+05,2.506e+05,93314,50870,22882,0,0,0,0,0,0,0,0,0,0,0,0,0,0,0,0,0,0,0,0,0,0,0,0,0,0,0,0,0,0,0,0,0,0,0,0,0,0,0,0,5.4166e+05,63613,62239,10.012,1.7229e+05,4.5435e+05,4.4479e+05,93308,39404,34194
2.1776e+05,88364,10.126,45589,40133,1.0051e+05,37285,10.152,9990,13789,0,0,0,0,0,0,0,0,0,0,0,0,0,0,0,0,0,0,0,0,0,0,0,0,0,0,0,0,0,0,0,0,0,0,0,0,0,0,0,0,5.4166e+05,56323,63040,10.001,3.1539e+05,5.1493e+05,2.506e+05,93314,50870,22882,0,0,0,0,0,0,0,0,0,0,0,0,0,0,0,0,0,0,0,0,0,0,0,0,0,0,0,0,0,0,0,0,0,0,0,0,0,0,0,0,5.4166e+05,63613,62239,10.005,1.7229e+05,4.5435e+05,4.4479e+05,93308,39404,34194
1.806e+05,75246,10.076,8932.7,25786,77411,18373,10.042,6945.7,7370.9,0,0,0,0,0,0,0,0,0,0,0,0,0,0,0,0,0,0,0,0,0,0,0,0,0,0,0,0,0,0,0,0,0,0,0,0,0,0,0,0,5.4166e+05,56323,63040,10.002,3.1539e+05,5.1493e+05,2.506e+05,93314,50870,22882,0,0,0,0,0,0,0,0,0,0,0,0,0,0,0,0,0,0,0,0,0,0,0,0,0,0,0,0,0,0,0,0,0,0,0,0,0,0,0,0,5.4166e+05,63613,62239,10.016,1.7229e+05,4.5435e+05,4.4478e+05,93308,39404,34194
1.705e+05,66555,10.013,38410,66075,1.8427e+05,11049,10.1,18315,18536,0,0,0,0,0,0,0,0,0,0,0,0,0,0,0,0,0,0,0,0,0,0,0,0,0,0,0,0,0,0,0,0,0,0,0,0,0,0,0,0,5.4166e+05,56323,63040,10.016,3.1539e+05,5.1493e+05,2.506e+05,95979,50870,22882,0,0,0,0,0,0,0,0,0,0,0,0,0,0,0,0,0,0,0,0,0,0,0,0,0,0,0,0,0,0,0,0,0,0,0,0,0,0,0,0,5.4166e+05,63613,62239,10.013,1.7229e+05,4.5981e+05,4.4478e+05,95973,40260,34194
1.0967e+05,50275,10.007,31617,50981,1.4192e+05,31256,10.007,12734,15558,0,0,0,0,0,0,0,0,0,0,0,0,0,0,0,0,0,0,0,0,0,0,0,0,0,0,0,0,0,0,0,0,0,0,0,0,0,0,0,0,5.4166e+05,56323,63040,10.015,3.1539e+05,5.8379e+05,2.506e+05,1.1351e+05,56008,26267,0,0,0,0,0,0,0,0,0,0,0,0,0,0,0,0,0,0,0,0,0,0,0,0,0,0,0,0,0,0,0,0,0,0,0,0,0,0,0,0,5.4166e+05,63612,62239,10.012,1.7229e+05,5.5123e+05,4.4478e+05,1.1351e+05,46987,38731
93797,43590,10.004,58122,87746,2.4011e+05,31020,10.03,23865,25413,0,0,0,0,0,0,0,0,0,0,0,0,0,0,0,0,0,0,0,0,0,0,0,0,0,0,0,0,0,0,0,0,0,0,0,0,0,0,0,0,5.4166e+05,56323,63039,10.02,3.1539e+05,6.6554e+05,2.506e+05,1.3401e+05,62972,30351,0,0,0,0,0,0,0,0,0,0,0,0,0,0,0,0,0,0,0,0,0,0,0,0,0,0,0,0,0,0,0,0,0,0,0,0,0,0,0,0,5.4166e+05,63612,62239,10.015,1.7229e+05,6.523e+05,4.4478e+05,1.3401e+05,55193,45859
36643,14264,10,19702,49356,1.4837e+05,9152.5,10.002,13312,14566,0,0,0,0,0,0,0,0,0,0,0,0,0,0,0,0,0,0,0,0,0,0,0,0,0,0,0,0,0,0,0,0,0,0,0,0,0,0,0,0,5.4166e+05,56322,63038,2638.5,3.1538e+05,7.5564e+05,2.506e+05,1.546e+05,67941,33430,0,0,0,0,0,0,0,0,0,0,0,0,0,0,0,0,0,0,0,0,0,0,0,0,0,0,0,0,0,0,0,0,0,0,0,0,0,0,0,0,5.4166e+05,63612,62238,5277,1.7229e+05,7.5204e+05,4.4477e+05,1.546e+05,63441,53611
67437,27214,10.016,1.2561e+05,1.6402e+05,4.4113e+05,43929,10.012,43845,49278,0,0,0,0,0,0,0,0,0,0,0,0,0,0,0,0,0,0,0,0,0,0,0,0,0,0,0,0,0,0,0,0,0,0,0,0,0,0,0,0,5.4166e+05,56322,63037,14410,3.1538e+05,8.633e+05,2.506e+05,1.7826e+05,73233,39589,0,0,0,0,0,0,0,0,0,0,0,0,0,0,0,0,0,0,0,0,0,0,0,0,0,0,0,0,0,0,0,0,0,0,0,0,0,0,0,0,5.4166e+05,63611,62238,28821,1.7229e+05,8.6729e+05,4.4477e+05,1.7826e+05,73127,62870
69000,27214,10.018,84627,1.2836e+05,3.533e+05,27458,10.003,34309,39637,0,0,0,0,0,0,0,0,0,0,0,0,0,0,0,0,0,0,0,0,0,0,0,0,0,0,0,0,0,0,0,0,0,0,0,0,0,0,0,0,5.4166e+05,56322,63037,31053,3.1538e+05,9.5479e+05,2.506e+05,1.949e+05,81162,42112,0,0,0,0,0,0,0,0,0,0,0,0,0,0,0,0,0,0,0,0,0,0,0,0,0,0,0,0,0,0,0,0,0,0,0,0,0,0,0,0,5.4166e+05,63611,62238,62107,1.7229e+05,9.3312e+05,4.4477e+05,1.949e+05,79805,73867
27003,10938,10.007,1.0711e+05,1.2925e+05,3.4625e+05,65698,10.018,34309,40552,0,0,0,0,0,0,0,0,0,0,0,0,0,0,0,0,0,0,0,0,0,0,0,0,0,0,0,0,0,0,0,0,0,0,0,0,0,0,0,0,5.4166e+05,56322,63037,47290,3.4522e+05,1.0048e+06,2.506e+05,2.8426e+05,1.0606e+05,43203,0,0,0,0,0,0,0,0,0,0,0,0,0,0,0,0,0,0,0,0,0,0,0,0,0,0,0,0,0,0,0,0,0,0,0,0,0,0,0,0,5.4166e+05,63611,62238,94581,1.9186e+05,1.2254e+06,4.4477e+05,2.605e+05,1.08e+05,78427
85800,33074,10.162,1.0711e+05,1.2972e+05,3.4733e+05,54729,10.022,34309,41214,0,0,0,0,0,0,0,0,0,0,0,0,0,0,0,0,0,0,0,0,0,0,0,0,0,0,0,0,0,0,0,0,0,0,0,0,0,0,0,0,5.4166e+05,56322,63037,74487,3.7503e+05,1.0484e+06,2.7817e+05,3.7235e+05,1.3054e+05,43705,0,0,0,0,0,0,0,0,0,0,0,0,0,0,0,0,0,0,0,0,0,0,0,0,0,0,0,0,0,0,0,0,0,0,0,0,0,0,0,0,5.4166e+05,63611,62238,1.3906e+05,2.2546e+05,1.5273e+06,4.4477e+05,3.394e+05,1.6419e+05,82394
79144,31055,10.036,1.7034e+05,2.3747e+05,6.4575e+05,83269,10.054,59229,73918,0,0,0,0,0,0,0,0,0,0,0,0,0,0,0,0,0,0,0,0,0,0,0,0,0,0,0,0,0,0,0,0,0,0,0,0,0,0,0,0,5.4166e+05,56322,63037,1.0777e+05,4.0523e+05,1.0738e+06,3.1763e+05,4.5764e+05,1.5454e+05,43455,0,0,0,0,0,0,0,0,0,0,0,0,0,0,0,0,0,0,0,0,0,0,0,0,0,0,0,0,0,0,0,0,0,0,0,0,0,0,0,0,5.4166e+05,63611,62238,2.1555e+05,2.647e+05,1.8176e+06,4.4477e+05,4.2794e+05,2.2705e+05,84653
2763.2,2108.3,10.004,2.7473e+05,4.3589e+05,1.1976e+06,58309,10.067,1.1905e+05,1.2651e+05,0,0,0,0,0,0,0,0,0,0,0,0,0,0,0,0,0,0,0,0,0,0,0,0,0,0,0,0,0,0,0,0,0,0,0,0,0,0,0,0,5.4166e+05,56322,63037,1.3619e+05,4.3516e+05,1.0564e+06,3.66e+05,5.336e+05,1.7314e+05,41396,0,0,0,0,0,0,0,0,0,0,0,0,0,0,0,0,0,0,0,0,0,0,0,0,0,0,0,0,0,0,0,0,0,0,0,0,0,0,0,0,5.4166e+05,63611,62238,2.7238e+05,3.0987e+05,2.0764e+06,4.4477e+05,5.1738e+05,2.9011e+05,82791
31728,15873,10.089,2.7473e+05,4.3589e+05,1.1976e+06,1.6563e+05,10.057,1.1583e+05,1.2651e+05,0,0,0,0,0,0,0,0,0,0,0,0,0,0,0,0,0,0,0,0,0,0,0,0,0,0,0,0,0,0,0,0,0,0,0,0,0,0,0,0,5.4166e+05,56321,63037,1.5669e+05,4.4434e+05,1.0615e+06,4.3617e+05,5.3211e+05,1.7334e+05,37385,0,0,0,0,0,0,0,0,0,0,0,0,0,0,0,0,0,0,0,0,0,0,0,0,0,0,0,0,0,0,0,0,0,0,0,0,0,0,0,0,5.4166e+05,63611,62238,3.1337e+05,3.8287e+05,2.0876e+06,4.4477e+05,5.8019e+05,3.3054e+05,74770
8289.6,6346.6,10.005,2.6112e+05,4.2285e+05,1.1976e+06,1.3745e+05,10.001,1.1074e+05,1.2651e+05,0,0,0,0,0,0,0,0,0,0,0,0,0,0,0,0,0,0,0,0,0,0,0,0,0,0,0,0,0,0,0,0,0,0,0,0,0,0,0,0,5.4166e+05,56321,63037,1.9444e+05,4.3924e+05,1.0537e+06,4.7925e+05,4.9068e+05,1.7334e+05,38531,0,0,0,0,0,0,0,0,0,0,0,0,0,0,0,0,0,0,0,0,0,0,0,0,0,0,0,0,0,0,0,0,0,0,0,0,0,0,0,0,5.4166e+05,63611,62238,3.7979e+05,4.4596e+05,2.0876e+06,4.4477e+05,6.3567e+05,3.4247e+05,75414
17746,14815,10.028,2.6112e+05,4.2513e+05,1.2038e+06,1.3745e+05,10.01,1.1152e+05,1.2684e+05,0,0,0,0,0,0,0,0,0,0,0,0,0,0,0,0,0,0,0,0,0,0,0,0,0,0,0,0,0,0,0,0,0,0,0,0,0,0,0,0,5.4166e+05,56321,63037,2.4274e+05,4.3822e+05,9.6788e+05,5.1271e+05,4.752e+05,1.7334e+05,37815,0,0,0,0,0,0,0,0,0,0,0,0,0,0,0,0,0,0,0,0,0,0,0,0,0,0,0,0,0,0,0,0,0,0,0,0,0,0,0,0,5.4166e+05,63611,62238,4.8549e+05,5.1718e+05,1.9358e+06,5.172e+05,6.8417e+05,3.4658e+05,75629
26836,15437,10.082,4.5375e+05,6.2131e+05,1.6782e+06,1.4429e+05,10.072,1.6705e+05,1.874e+05,0,0,0,0,0,0,0,0,0,0,0,0,0,0,0,0,0,0,0,0,0,0,0,0,0,0,0,0,0,0,0,0,0,0,0,0,0,0,0,0,5.4166e+05,56321,63037,3.2662e+05,4.3784e+05,1.5607e+06,5.3873e+05,4.7121e+05,1.7372e+05,39784,0,0,0,0,0,0,0,0,0,0,0,0,0,0,0,0,0,0,0,0,0,0,0,0,0,0,0,0,0,0,0,0,0,0,0,0,0,0,0,0,5.4166e+05,63611,62238,5.89e+05,5.9145e+05,2.1075e+06,6.2054e+05,7.1476e+05,3.4744e+05,78494
30517,21612,10.17,4.3647e+05,5.6519e+05,1.48e+06,2.1706e+05,10.009,1.3853e+05,1.8471e+05,0,0,0,0,0,0,0,0,0,0,0,0,0,0,0,0,0,0,0,0,0,0,0,0,0,0,0,0,0,0,0,0,0,0,0,0,0,0,0,0,5.4166e+05,56321,63037,3.3732e+05,4.4026e+05,1.3418e+06,5.4202e+05,4.1031e+05,1.7314e+05,39963,0,0,0,0,0,0,0,0,0,0,0,0,0,0,0,0,0,0,0,0,0,0,0,0,0,0,0,0,0,0,0,0,0,0,0,0,0,0,0,0,5.4166e+05,63611,62238,6.7465e+05,6.1884e+05,2.1894e+06,7.4841e+05,7.1476e+05,3.4629e+05,79568
18451,19391,10.161,6.1653e+05,5.6519e+05,1.4681e+06,4.7046e+05,10.013,1.3853e+05,1.936e+05,0,0,0,0,0,0,0,0,0,0,0,0,0,0,0,0,0,0,0,0,0,0,0,0,0,0,0,0,0,0,0,0,0,0,0,0,0,0,0,0,5.4166e+05,56321,63037,5.7268e+05,4.2803e+05,1.3661e+06,5.4065e+05,3.7387e+05,1.7372e+05,43258,0,0,0,0,0,0,0,0,0,0,0,0,0,0,0,0,0,0,0,0,0,0,0,0,0,0,0,0,0,0,0,0,0,0,0,0,0,0,0,0,5.4166e+05,63611,62238,7.7735e+05,6.5756e+05,2.1972e+06,8.9774e+05,7.1476e+05,3.4629e+05,86515
71644,45162,10.218,5.8411e+05,5.3391e+05,1.403e+06,4.5004e+05,10.003,1.2589e+05,1.936e+05,0,0,0,0,0,0,0,0,0,0,0,0,0,0,0,0,0,0,0,0,0,0,0,0,0,0,0,0,0,0,0,0,0,0,0,0,0,0,0,0,5.4166e+05,56321,63037,5.2392e+05,4.2344e+05,1.3345e+06,5.3883e+05,3.3094e+05,1.7295e+05,41539,0,0,0,0,0,0,0,0,0,0,0,0,0,0,0,0,0,0,0,0,0,0,0,0,0,0,0,0,0,0,0,0,0,0,0,0,0,0,0,0,5.4166e+05,63611,62238,8.6624e+05,6.8554e+05,2.1387e+06,9.7983e+05,6.6189e+05,3.459e+05,83078
51697,35733,10.006,6.1022e+05,5.7475e+05,1.5183e+06,4.5004e+05,10.015,1.3876e+05,2.0749e+05,0,0,0,0,0,0,0,0,0,0,0,0,0,0,0,0,0,0,0,0,0,0,0,0,0,0,0,0,0,0,0,0,0,0,0,0,0,0,0,0,5.4166e+05,56321,63037,5.8766e+05,4.2039e+05,1.4543e+06,5.3607e+05,2.9451e+05,1.7449e+05,63238,0,0,0,0,0,0,0,0,0,0,0,0,0,0,0,0,0,0,0,0,0,0,0,0,0,0,0,0,0,0,0,0,0,0,0,0,0,0,0,0,5.4166e+05,63611,62238,8.8005e+05,7.0684e+05,2.3612e+06,1.031e+06,5.8901e+05,3.459e+05,94608
95581,48279,10.093,7.8349e+05,6.3777e+05,1.5672e+06,4.5582e+05,10.034,1.5595e+05,2.2729e+05,0,0,0,0,0,0,0,0,0,0,0,0,0,0,0,0,0,0,0,0,0,0,0,0,0,0,0,0,0,0,0,0,0,0,0,0,0,0,0,0,5.4166e+05,58667,63037,7.3291e+05,4.2752e+05,1.4911e+06,5.3392e+05,2.54e+05,1.7622e+05,2.1211e+05,0,0,0,0,0,0,0,0,0,0,0,0,0,0,0,0,0,0,0,0,0,0,0,0,0,0,0,0,0,0,0,0,0,0,0,0,0,0,0,0,5.4166e+05,63611,62238,8.3215e+05,7.5755e+05,2.4512e+06,1.0577e+06,4.7221e+05,3.4436e+05,94537
74269,46892,10.006,8.2438e+05,6.3777e+05,1.366e+06,6.0249e+05,10.028,1.2221e+05,2.2729e+05,0,0,0,0,0,0,0,0,0,0,0,0,0,0,0,0,0,0,0,0,0,0,0,0,0,0,0,0,0,0,0,0,0,0,0,0,0,0,0,0,5.4562e+05,65657,61154,7.9809e+05,4.2752e+05,1.3125e+06,5.3953e+05,2.1065e+05,1.768e+05,2.1211e+05,0,0,0,0,0,0,0,0,0,0,0,0,0,0,0,0,0,0,0,0,0,0,0,0,0,0,0,0,0,0,0,0,0,0,0,0,0,0,0,0,5.4166e+05,65980,62238,8.9831e+05,7.8943e+05,2.2792e+06,1.0622e+06,3.7138e+05,3.4744e+05,1.041e+05
1.3819e+05,78080,10.019,6.9305e+05,4.9545e+05,1.2257e+06,5.9184e+05,10.003,1.0997e+05,2.0169e+05,0,0,0,0,0,0,0,0,0,0,0,0,0,0,0,0,0,0,0,0,0,0,0,0,0,0,0,0,0,0,0,0,0,0,0,0,0,0,0,0,5.4078e+05,70792,43361,6.7844e+05,4.2497e+05,1.1619e+06,5.2385e+05,1.5873e+05,1.7526e+05,1.0806e+05,0,0,0,0,0,0,0,0,0,0,0,0,0,0,0,0,0,0,0,0,0,0,0,0,0,0,0,0,0,0,0,0,0,0,0,0,0,0,0,0,5.4166e+05,71181,62238,1.0467e+06,8.1812e+05,2.1699e+06,1.0471e+06,3.1747e+05,3.4898e+05,1.1332e+05
1.3829e+05,1.047e+05,10.035,8.3117e+05,6.241e+05,1.5118e+06,6.0722e+05,10.028,1.4818e+05,2.3102e+05,0,0,0,0,0,0,0,0,0,0,0,0,0,0,0,0,0,0,0,0,0,0,0,0,0,0,0,0,0,0,0,0,0,0,0,0,0,0,0,0,5.6058e+05,78774,30679,8.108e+05,4.5844e+05,1.4682e+06,5.2385e+05,1.5873e+05,1.7781e+05,2.3102e+05,0,0,0,0,0,0,0,0,0,0,0,0,0,0,0,0,0,0,0,0,0,0,0,0,0,0,0,0,0,0,0,0,0,0,0,0,0,0,0,0,5.4466e+05,79015,60217,1.2251e+06,8.5504e+05,2.222e+06,9.946e+05,2.7853e+05,3.5264e+05,1.2467e+05
2.5224e+05,1.3777e+05,10.154,6.798e+05,5.8555e+05,1.5118e+06,5.8093e+05,10.004,1.38e+05,2.1953e+05,0,0,0,0,0,0,0,0,0,0,0,0,0,0,0,0,0,0,0,0,0,0,0,0,0,0,0,0,0,0,0,0,0,0,0,0,0,0,0,0,5.9866e+05,81159,24897,6.8592e+05,4.4611e+05,1.4584e+06,4.8381e+05,1.3178e+05,1.7795e+05,2.1962e+05,0,0,0,0,0,0,0,0,0,0,0,0,0,0,0,0,0,0,0,0,0,0,0,0,0,0,0,0,0,0,0,0,0,0,0,0,0,0,0,0,5.8193e+05,95454,49795,1.3228e+06,8.6319e+05,2.2792e+06,9.3317e+05,2.6356e+05,3.5427e+05,1.2605e+05
2.1247e+05,1.2876e+05,10.014,7.1143e+05,5.9142e+05,1.5287e+06,6.299e+05,10.013,1.385e+05,2.2571e+05,0,0,0,0,0,0,0,0,0,0,0,0,0,0,0,0,0,0,0,0,0,0,0,0,0,0,0,0,0,0,0,0,0,0,0,0,0,0,0,0,6.2235e+05,77995,22517,6.8985e+05,4.5274e+05,1.4884e+06,5.3453e+05,1.3178e+05,1.7815e+05,2.258e+05,0,0,0,0,0,0,0,0,0,0,0,0,0,0,0,0,0,0,0,0,0,0,0,0,0,0,0,0,0,0,0,0,0,0,0,0,0,0,0,0,6.2791e+05,1.1275e+05,45035,1.3554e+06,8.7211e+05,2.2792e+06,8.6578e+05,2.5657e+05,3.5581e+05,1.2433e+05
2.0527e+05,1.2826e+05,10.009,8.5361e+05,6.4178e+05,1.6006e+06,6.9818e+05,10.054,1.4918e+05,2.4802e+05,0,0,0,0,0,0,0,0,0,0,0,0,0,0,0,0,0,0,0,0,0,0,0,0,0,0,0,0,0,0,0,0,0,0,0,0,0,0,0,0,6.3238e+05,77733,20496,8.9386e+05,5.0425e+05,1.5039e+06,6.0153e+05,1.3178e+05,1.7815e+05,2.4802e+05,0,0,0,0,0,0,0,0,0,0,0,0,0,0,0,0,0,0,0,0,0,0,0,0,0,0,0,0,0,0,0,0,0,0,0,0,0,0,0,0,7.6123e+05,1.2926e+05,40992,1.3806e+06,8.7466e+05,2.1699e+06,8.2972e+05,2.5058e+05,3.5619e+05,1.282e+05
2.5473e+05,1.6965e+05,10.129,6.8883e+05,6.2493e+05,1.6006e+06,5.9148e+05,10.011,1.4815e+05,2.2788e+05,0,0,0,0,0,0,0,0,0,0,0,0,0,0,0,0,0,0,0,0,0,0,0,0,0,0,0,0,0,0,0,0,0,0,0,0,0,0,0,0,6.3309e+05,77848,18399,7.7672e+05,4.8941e+05,1.4971e+06,4.4244e+05,1.248e+05,1.7815e+05,2.26e+05,0,0,0,0,0,0,0,0,0,0,0,0,0,0,0,0,0,0,0,0,0,0,0,0,0,0,0,0,0,0,0,0,0,0,0,0,0,0,0,0,9.2451e+05,1.4302e+05,36797,1.4448e+06,8.7466e+05,2.0607e+06,8.2045e+05,2.3361e+05,3.5629e+05,1.2949e+05
3.3346e+05,1.841e+05,10.179,6.8883e+05,6.3272e+05,1.6097e+06,5.6197e+05,10.033,1.5475e+05,2.2829e+05,0,0,0,0,0,0,0,0,0,0,0,0,0,0,0,0,0,0,0,0,0,0,0,0,0,0,0,0,0,0,0,0,0,0,0,0,0,0,0,0,6.4652e+05,77568,19051,8.1165e+05,4.8941e+05,1.5182e+06,4.3176e+05,1.3278e+05,1.8112e+05,2.26e+05,0,0,0,0,0,0,0,0,0,0,0,0,0,0,0,0,0,0,0,0,0,0,0,0,0,0,0,0,0,0,0,0,0,0,0,0,0,0,0,0,1.0685e+06,1.5023e+05,38101,1.5283e+06,8.7135e+05,2.1691e+06,8.3791e+05,2.6555e+05,3.5629e+05,1.3481e+05
5.7231e+05,2.6462e+05,10.373,9.1922e+05,6.6122e+05,1.6847e+06,6.8661e+05,63350,1.6456e+05,2.444e+05,0,0,0,0,0,0,0,0,0,0,0,0,0,0,0,0,0,0,0,0,0,0,0,0,0,0,0,0,0,0,0,0,0,0,0,0,0,0,0,0,6.3669e+05,2.0253e+05,20021,1.0046e+06,4.996e+05,1.6139e+06,6.5715e+05,2.1008e+05,2.059e+05,2.3847e+05,0,0,0,0,0,0,0,0,0,0,0,0,0,0,0,0,0,0,0,0,0,0,0,0,0,0,0,0,0,0,0,0,0,0,0,0,0,0,0,0,1.1933e+06,1.5297e+05,38905,1.5947e+06,8.7848e+05,2.1543e+06,9.2336e+05,3.1447e+05,3.5629e+05,1.3661e+05
5.2219e+05,2.5306e+05,10.105,8.3721e+05,6.0926e+05,1.6709e+06,6.3251e+05,66505,1.6053e+05,2.404e+05,0,0,0,0,0,0,0,0,0,0,0,0,0,0,0,0,0,0,0,0,0,0,0,0,0,0,0,0,0,0,0,0,0,0,0,0,0,0,0,0,6.8838e+05,1.5228e+05,18613,1.0166e+06,4.7666e+05,1.5639e+06,6.0042e+05,2.1815e+05,2.083e+05,1.4433e+05,0,0,0,0,0,0,0,0,0,0,0,0,0,0,0,0,0,0,0,0,0,0,0,0,0,0,0,0,0,0,0,0,0,0,0,0,0,0,0,0,1.2248e+06,1.5183e+05,33276,1.5567e+06,8.8116e+05,2.3188e+06,9.739e+05,3.6639e+05,3.5639e+05,1.3661e+05
5.2975e+05,2.5365e+05,10.106,8.6796e+05,5.1457e+05,1.4245e+06,6.3251e+05,84047,1.5174e+05,2.2648e+05,0,0,0,0,0,0,0,0,0,0,0,0,0,0,0,0,0,0,0,0,0,0,0,0,0,0,0,0,0,0,0,0,0,0,0,0,0,0,0,0,7.0089e+05,1.5228e+05,20086,1.2142e+06,4.7891e+05,1.2566e+06,5.1963e+05,2.4364e+05,2.1813e+05,70424,0,0,0,0,0,0,0,0,0,0,0,0,0,0,0,0,0,0,0,0,0,0,0,0,0,0,0,0,0,0,0,0,0,0,0,0,0,0,0,0,1.2223e+06,1.5022e+05,30407,1.5832e+06,8.8116e+05,2.3417e+06,1.0085e+06,4.3327e+05,3.5648e+05,1.3178e+05
7.1792e+05,2.0251e+05,10.001,1.2338e+06,3.8472e+05,1.4219e+06,6.3251e+05,2.007e+05,1.5337e+05,1.7413e+05,0,0,0,0,0,0,0,0,0,0,0,0,0,0,0,0,0,0,0,0,0,0,0,0,0,0,0,0,0,0,0,0,0,0,0,0,0,0,0,0,9.7493e+05,1.4596e+05,21724,1.446e+06,5.118e+05,1.3955e+06,5.0761e+05,3.1599e+05,2.3449e+05,73882,0,0,0,0,0,0,0,0,0,0,0,0,0,0,0,0,0,0,0,0,0,0,0,0,0,0,0,0,0,0,0,0,0,0,0,0,0,0,0,0,1.2295e+06,1.4457e+05,43448,1.6417e+06,8.8192e+05,2.3417e+06,1.0085e+06,4.3128e+05,3.5648e+05,1.3178e+05
7.6397e+05,2.9945e+05,26443,1.3809e+06,3.8472e+05,1.4219e+06,6.0834e+05,2.774e+05,2.2235e+05,1.7413e+05,0,0,0,0,0,0,0,0,0,0,0,0,0,0,0,0,0,0,0,0,0,0,0,0,0,0,0,0,0,0,0,0,0,0,0,0,0,0,0,0,1.0169e+06,1.629e+05,57024,1.5423e+06,5.4114e+05,1.3651e+06,5.0076e+05,3.5055e+05,2.8951e+05,61964,0,0,0,0,0,0,0,0,0,0,0,0,0,0,0,0,0,0,0,0,0,0,0,0,0,0,0,0,0,0,0,0,0,0,0,0,0,0,0,0,1.3159e+06,1.4723e+05,76442,1.6609e+06,8.8269e+05,2.3104e+06,9.6494e+05,4.2429e+05,3.5648e+05,1.1029e+05
8.974e+05,1.5532e+05,31248,1.0646e+06,3.564e+05,1.3201e+06,6.0834e+05,3.6455e+05,2.4983e+05,98388,0,0,0,0,0,0,0,0,0,0,0,0,0,0,0,0,0,0,0,0,0,0,0,0,0,0,0,0,0,0,0,0,0,0,0,0,0,0,0,0,1.1381e+06,95984,61610,1.3632e+06,5.9314e+05,1.3144e+06,4.791e+05,3.8444e+05,3.0306e+05,60818,0,0,0,0,0,0,0,0,0,0,0,0,0,0,0,0,0,0,0,0,0,0,0,0,0,0,0,0,0,0,0,0,0,0,0,0,0,0,0,0,1.3271e+06,1.4819e+05,93895,1.6619e+06,8.8434e+05,1.9358e+06,9.5821e+05,4.0432e+05,3.5629e+05,1.0284e+05
1.559e+06,77662,43267,1.5813e+06,3.7702e+05,1.3175e+06,4.7964e+05,4.6556e+05,2.1415e+05,72438,0,0,0,0,0,0,0,0,0,0,0,0,0,0,0,0,0,0,0,0,0,0,0,0,0,0,0,0,0,0,0,0,0,0,0,0,0,0,0,0,1.4944e+06,83809,66657,1.6654e+06,6.3284e+05,1.475e+06,4.7745e+05,4.2196e+05,2.8541e+05,77196,0,0,0,0,0,0,0,0,0,0,0,0,0,0,0,0,0,0,0,0,0,0,0,0,0,0,0,0,0,0,0,0,0,0,0,0,0,0,0,0,1.3271e+06,1.5555e+05,90048,1.7284e+06,8.8867e+05,2.0919e+06,9.549e+05,3.7836e+05,3.5629e+05,1.0055e+05
1.559e+06,75514,72111,1.7284e+06,4.7292e+05,1.3643e+06,3.9968e+05,5.5478e+05,2.5474e+05,94896,0,0,0,0,0,0,0,0,0,0,0,0,0,0,0,0,0,0,0,0,0,0,0,0,0,0,0,0,0,0,0,0,0,0,0,0,0,0,0,0,1.4944e+06,85821,90382,1.8082e+06,6.6995e+05,1.5017e+06,4.603e+05,4.7832e+05,3.0552e+05,90276,0,0,0,0,0,0,0,0,0,0,0,0,0,0,0,0,0,0,0,0,0,0,0,0,0,0,0,0,0,0,0,0,0,0,0,0,0,0,0,0,1.3271e+06,1.3792e+05,1.0865e+05,1.8534e+06,8.8867e+05,1.6392e+06,9.206e+05,3.7637e+05,3.5629e+05,85656
7.1792e+05,1.7224e+05,72111,1.2074e+06,6.2785e+05,1.5797e+06,3.9449e+05,6.2327e+05,4.561e+05,99117,0,0,0,0,0,0,0,0,0,0,0,0,0,0,0,0,0,0,0,0,0,0,0,0,0,0,0,0,0,0,0,0,0,0,0,0,0,0,0,0,9.9564e+05,1.0032e+05,70767,1.6571e+06,6.9816e+05,1.5158e+06,5.1675e+05,5.2e+05,4.0543e+05,87946,0,0,0,0,0,0,0,0,0,0,0,0,0,0,0,0,0,0,0,0,0,0,0,0,0,0,0,0,0,0,0,0,0,0,0,0,0,0,0,0,1.2734e+06,1.5566e+05,93460,2.0521e+06,8.8867e+05,1.4518e+06,8.6755e+05,3.9633e+05,3.5475e+05,76775
1.6587e+06,93061,56487,1.368e+06,5.1413e+05,1.5489e+06,4.573e+05,6.3212e+05,2.1274e+05,1.8991e+05,0,0,0,0,0,0,0,0,0,0,0,0,0,0,0,0,0,0,0,0,0,0,0,0,0,0,0,0,0,0,0,0,0,0,0,0,0,0,0,0,1.4427e+06,93061,58512,1.7487e+06,7.0344e+05,1.477e+06,6.4412e+05,5.6675e+05,2.7971e+05,1.2128e+05,0,0,0,0,0,0,0,0,0,0,0,0,0,0,0,0,0,0,0,0,0,0,0,0,0,0,0,0,0,0,0,0,0,0,0,0,0,0,0,0,1.2327e+06,1.5589e+05,61640,2.1238e+06,8.8867e+05,1.405e+06,8.3093e+05,4.143e+05,3.4667e+05,68181
1.7091e+06,71369,67304,2.0799e+06,5.8603e+05,1.9672e+06,8.3735e+05,6.3212e+05,2.1274e+05,1.8991e+05,0,0,0,0,0,0,0,0,0,0,0,0,0,0,0,0,0,0,0,0,0,0,0,0,0,0,0,0,0,0,0,0,0,0,0,0,0,0,0,0,1.4614e+06,88602,58930,2.0505e+06,7.1168e+05,1.947e+06,8.2962e+05,5.6675e+05,2.7971e+05,1.2243e+05,0,0,0,0,0,0,0,0,0,0,0,0,0,0,0,0,0,0,0,0,0,0,0,0,0,0,0,0,0,0,0,0,0,0,0,0,0,0,0,0,1.1905e+06,1.4694e+05,50555,2.1413e+06,8.795e+05,1.3113e+06,8.2189e+05,4.143e+05,3.4167e+05,65889
1.735e+06,70047,1.298e+05,2.2584e+06,6.2265e+05,2.0331e+06,3.7432e+05,6.3212e+05,2.1274e+05,1.5337e+05,0,0,0,0,0,0,0,0,0,0,0,0,0,0,0,0,0,0,0,0,0,0,0,0,0,0,0,0,0,0,0,0,0,0,0,0,0,0,0,0,1.4614e+06,1.0832e+05,85581,2.1782e+06,7.1168e+05,2.0269e+06,5.8525e+05,5.6675e+05,2.7971e+05,1.0679e+05,0,0,0,0,0,0,0,0,0,0,0,0,0,0,0,0,0,0,0,0,0,0,0,0,0,0,0,0,0,0,0,0,0,0,0,0,0,0,0,0,1.1663e+06,1.4659e+05,41361,2.1682e+06,8.795e+05,1.124e+06,7.9619e+05,4.1793e+05,3.3551e+05,63024
1.735e+06,85047,81726,2.3732e+06,6.6316e+05,2.1903e+06,3.8313e+05,6.3212e+05,2.2158e+05,1.3902e+05,0,0,0,0,0,0,0,0,0,0,0,0,0,0,0,0,0,0,0,0,0,0,0,0,0,0,0,0,0,0,0,0,0,0,0,0,0,0,0,0,1.4573e+06,1.0221e+05,75201,2.2941e+06,7.2093e+05,2.1903e+06,5.212e+05,5.7308e+05,2.7971e+05,1.0474e+05,0,0,0,0,0,0,0,0,0,0,0,0,0,0,0,0,0,0,0,0,0,0,0,0,0,0,0,0,0,0,0,0,0,0,0,0,0,0,0,0,1.1797e+06,1.4659e+05,41361,2.2269e+06,8.2752e+05,1.1708e+06,7.3763e+05,4.2367e+05,3.3551e+05,69685
1.735e+06,52751,1.2499e+05,2.3756e+06,6.7095e+05,2.4233e+06,4.0721e+05,6.5752e+05,2.4182e+05,1.4033e+05,0,0,0,0,0,0,0,0,0,0,0,0,0,0,0,0,0,0,0,0,0,0,0,0,0,0,0,0,0,0,0,0,0,0,0,0,0,0,0,0,1.4573e+06,95440,80482,2.2989e+06,7.3516e+05,2.4233e+06,5.2279e+05,6.0394e+05,2.8321e+05,1.1008e+05,0,0,0,0,0,0,0,0,0,0,0,0,0,0,0,0,0,0,0,0,0,0,0,0,0,0,0,0,0,0,0,0,0,0,0,0,0,0,0,0,1.2105e+06,1.3813e+05,35971,2.2805e+06,7.8982e+05,1.1708e+06,6.3836e+05,4.3715e+05,3.1781e+05,77062
1.735e+06,10.001,2.4518e+05,2.3756e+06,6.7095e+05,2.6645e+06,7.6614e+05,6.9803e+05,2.6527e+05,1.4275e+05,0,0,0,0,0,0,0,0,0,0,0,0,0,0,0,0,0,0,0,0,0,0,0,0,0,0,0,0,0,0,0,0,0,0,0,0,0,0,0,0,1.4573e+06,75511,1.3522e+05,2.2989e+06,7.3516e+05,2.618e+06,6.4821e+05,6.5762e+05,2.8991e+05,1.1738e+05,0,0,0,0,0,0,0,0,0,0,0,0,0,0,0,0,0,0,0,0,0,0,0,0,0,0,0,0,0,0,0,0,0,0,0,0,0,0,0,0,1.2512e+06,1.3788e+05,25256,2.3742e+06,7.623e+05,9.6788e+05,5.3028e+05,4.6372e+05,3.0935e+05,89953
1.4358e+06,10.003,2.9325e+05,2.3756e+06,6.7095e+05,2.9868e+06,8.4052e+05,7.3291e+05,2.934e+05,1.4738e+05,0,0,0,0,0,0,0,0,0,0,0,0,0,0,0,0,0,0,0,0,0,0,0,0,0,0,0,0,0,0,0,0,0,0,0,0,0,0,0,0,1.3757e+06,76669,1.5585e+05,2.2989e+06,7.3516e+05,2.8177e+06,6.6345e+05,7.1652e+05,3.0305e+05,1.3644e+05,0,0,0,0,0,0,0,0,0,0,0,0,0,0,0,0,0,0,0,0,0,0,0,0,0,0,0,0,0,0,0,0,0,0,0,0,0,0,0,0,1.3118e+06,1.4214e+05,19529,2.474e+06,7.2256e+05,1.0303e+06,4.8638e+05,5.0415e+05,3.2012e+05,1.143e+05
1.5116e+06,44777,1.4422e+05,2.3756e+06,6.7095e+05,3.1846e+06,8.2392e+05,7.6398e+05,3.1096e+05,1.5208e+05,0,0,0,0,0,0,0,0,0,0,0,0,0,0,0,0,0,0,0,0,0,0,0,0,0,0,0,0,0,0,0,0,0,0,0,0,0,0,0,0,1.4239e+06,83133,82055,2.2989e+06,7.3516e+05,2.8177e+06,6.8223e+05,7.6398e+05,3.1015e+05,1.4714e+05,0,0,0,0,0,0,0,0,0,0,0,0,0,0,0,0,0,0,0,0,0,0,0,0,0,0,0,0,0,0,0,0,0,0,0,0,0,0,0,0,1.3118e+06,1.4671e+05,19887,2.474e+06,6.9402e+05,9.5227e+05,5.4054e+05,5.1414e+05,3.0781e+05,1.3292e+05
1.5714e+06,1.695e+05,1.6595e+05,2.3756e+06,6.7095e+05,3.2917e+06,8.2392e+05,7.8966e+05,3.1712e+05,1.5584e+05,0,0,0,0,0,0,0,0,0,0,0,0,0,0,0,0,0,0,0,0,0,0,0,0,0,0,0,0,0,0,0,0,0,0,0,0,0,0,0,0,1.5301e+06,1.6233e+05,1.0344e+05,2.2989e+06,7.3516e+05,2.4024e+06,7.5923e+05,7.8966e+05,3.1374e+05,1.5425e+05,0,0,0,0,0,0,0,0,0,0,0,0,0,0,0,0,0,0,0,0,0,0,0,0,0,0,0,0,0,0,0,0,0,0,0,0,0,0,0,0,1.2403e+06,1.4651e+05,38623,2.4165e+06,6.7262e+05,8.5861e+05,6.5985e+05,5.1938e+05,2.9088e+05,1.5813e+05
1.6004e+06,1.7735e+05,2.116e+05,2.3756e+06,6.7095e+05,3.3725e+06,8.2392e+05,8.0905e+05,3.2008e+05,1.5848e+05,0,0,0,0,0,0,0,0,0,0,0,0,0,0,0,0,0,0,0,0,0,0,0,0,0,0,0,0,0,0,0,0,0,0,0,0,0,0,0,0,1.5301e+06,1.778e+05,1.8058e+05,2.2989e+06,7.3516e+05,2.6601e+06,7.6767e+05,8.0905e+05,3.1413e+05,1.6014e+05,0,0,0,0,0,0,0,0,0,0,0,0,0,0,0,0,0,0,0,0,0,0,0,0,0,0,0,0,0,0,0,0,0,0,0,0,0,0,0,0,1.1472e+06,1.4393e+05,73007,2.2736e+06,6.4204e+05,7.4933e+05,7.7696e+05,5.2712e+05,2.9896e+05,1.7504e+05
1.6153e+06,1.7735e+05,2.3203e+05,2.3756e+06,7.1611e+05,3.4317e+06,5.8328e+05,8.1736e+05,3.1836e+05,1.607e+05,0,0,0,0,0,0,0,0,0,0,0,0,0,0,0,0,0,0,0,0,0,0,0,0,0,0,0,0,0,0,0,0,0,0,0,0,0,0,0,0,1.3417e+06,1.778e+05,1.8058e+05,2.2989e+06,7.5316e+05,2.9726e+06,7.1598e+05,8.1736e+05,3.0808e+05,1.6566e+05,0,0,0,0,0,0,0,0,0,0,0,0,0,0,0,0,0,0,0,0,0,0,0,0,0,0,0,0,0,0,0,0,0,0,0,0,0,0,0,0,1.0681e+06,1.3708e+05,1.0926e+05,2.2569e+06,6.0536e+05,6.9694e+05,8.3554e+05,5.1214e+05,2.9781e+05,1.9165e+05
1.6578e+06,1.4355e+05,2.3553e+05,2.3756e+06,7.6463e+05,3.5324e+06,5.7936e+05,8.2978e+05,3.2292e+05,1.6286e+05,0,0,0,0,0,0,0,0,0,0,0,0,0,0,0,0,0,0,0,0,0,0,0,0,0,0,0,0,0,0,0,0,0,0,0,0,0,0,0,0,1.5329e+06,1.364e+05,1.7259e+05,2.2989e+06,7.7454e+05,3.0298e+06,7.2804e+05,8.2978e+05,3.0863e+05,1.7018e+05,0,0,0,0,0,0,0,0,0,0,0,0,0,0,0,0,0,0,0,0,0,0,0,0,0,0,0,0,0,0,0,0,0,0,0,0,0,0,0,0,9.8544e+05,1.2926e+05,95199,2.2553e+06,5.809e+05,7.1246e+05,8.7574e+05,4.8519e+05,2.8434e+05,2.0139e+05
1.6959e+06,1.727e+05,2.3553e+05,2.3756e+06,8.2222e+05,3.638e+06,5.9837e+05,8.3477e+05,3.4522e+05,1.6465e+05,0,0,0,0,0,0,0,0,0,0,0,0,0,0,0,0,0,0,0,0,0,0,0,0,0,0,0,0,0,0,0,0,0,0,0,0,0,0,0,0,1.6394e+06,1.7629e+05,1.6244e+05,2.2989e+06,8.0586e+05,3.0298e+06,7.4669e+05,8.3477e+05,3.176e+05,1.7329e+05,0,0,0,0,0,0,0,0,0,0,0,0,0,0,0,0,0,0,0,0,0,0,0,0,0,0,0,0,0,0,0,0,0,0,0,0,0,0,0,0,8.7288e+05,1.2926e+05,76732,2.2708e+06,5.9057e+05,6.8514e+05,8.9501e+05,4.6921e+05,2.8126e+05,2.1285e+05
1.7217e+06,1.8704e+05,2.3553e+05,1.4447e+06,8.7752e+05,3.7001e+06,8.0567e+05,8.3803e+05,3.5552e+05,1.6645e+05,0,0,0,0,0,0,0,0,0,0,0,0,0,0,0,0,0,0,0,0,0,0,0,0,0,0,0,0,0,0,0,0,0,0,0,0,0,0,0,0,1.7217e+06,2.0572e+05,1.6244e+05,1.864e+06,8.3834e+05,2.9003e+06,8.5232e+05,8.3803e+05,3.2648e+05,1.7474e+05,0,0,0,0,0,0,0,0,0,0,0,0,0,0,0,0,0,0,0,0,0,0,0,0,0,0,0,0,0,0,0,0,0,0,0,0,0,0,0,0,7.7469e+05,2.358e+05,77154,2.2833e+06,5.8192e+05,8.0428e+05,8.9898e+05,4.5224e+05,2.8203e+05,2.203e+05
1.7217e+06,1.9641e+05,2.0191e+05,1.2539e+06,8.7752e+05,3.7103e+06,9.8115e+05,8.4104e+05,3.6123e+05,1.6978e+05,0,0,0,0,0,0,0,0,0,0,0,0,0,0,0,0,0,0,0,0,0,0,0,0,0,0,0,0,0,0,0,0,0,0,0,0,0,0,0,0,1.7217e+06,2.1303e+05,1.3508e+05,1.7648e+06,8.4218e+05,2.9565e+06,9.8885e+05,8.4104e+05,3.3513e+05,1.7474e+05,0,0,0,0,0,0,0,0,0,0,0,0,0,0,0,0,0,0,0,0,0,0,0,0,0,0,0,0,0,0,0,0,0,0,0,0,0,0,0,0,7.1018e+05,1.418e+05,73213,2.2756e+06,5.6052e+05,8.4088e+05,9.2595e+05,4.3028e+05,2.5317e+05,2.2546e+05
1.7217e+06,1.9752e+05,1.971e+05,2.067e+06,8.7752e+05,3.7103e+06,9.9048e+05,8.4104e+05,3.6123e+05,1.6978e+05,0,0,0,0,0,0,0,0,0,0,0,0,0,0,0,0,0,0,0,0,0,0,0,0,0,0,0,0,0,0,0,0,0,0,0,0,0,0,0,0,1.7217e+06,2.1518e+05,1.3927e+05,2.1631e+06,8.4218e+05,3.0442e+06,1.0038e+06,8.4104e+05,3.3981e+05,1.7474e+05,0,0,0,0,0,0,0,0,0,0,0,0,0,0,0,0,0,0,0,0,0,0,0,0,0,0,0,0,0,0,0,0,0,0,0,0,0,0,0,0,6.8515e+05,1.4313e+05,1.1165e+05,2.2269e+06,5.5236e+05,9.7137e+05,1.0073e+06,4.0632e+05,2.2932e+05,2.2975e+05
1.7217e+06,1.9752e+05,2.0046e+05,2.4063e+06,8.7752e+05,3.7103e+06,7.6252e+05,8.4104e+05,3.6123e+05,1.6978e+05,0,0,0,0,0,0,0,0,0,0,0,0,0,0,0,0,0,0,0,0,0,0,0,0,0,0,0,0,0,0,0,0,0,0,0,0,0,0,0,0,1.7217e+06,2.1518e+05,1.698e+05,2.3589e+06,8.4218e+05,3.0787e+06,9.1198e+05,8.4104e+05,3.3981e+05,1.7474e+05,0,0,0,0,0,0,0,0,0,0,0,0,0,0,0,0,0,0,0,0,0,0,0,0,0,0,0,0,0,0,0,0,0,0,0,0,0,0,0,0,6.0249e+05,1.3609e+05,1.2315e+05,2.2683e+06,5.1975e+05,8.0586e+05,1.0479e+06,3.9134e+05,2.0008e+05,2.3319e+05
1.7217e+06,1.9752e+05,2.0249e+05,2.5968e+06,8.7815e+05,3.7103e+06,7.1031e+05,8.4104e+05,3.6123e+05,1.6978e+05,0,0,0,0,0,0,0,0,0,0,0,0,0,0,0,0,0,0,0,0,0,0,0,0,0,0,0,0,0,0,0,0,0,0,0,0,0,0,0,0,1.7217e+06,2.1518e+05,1.8733e+05,2.5384e+06,8.4218e+05,3.0885e+06,9.0115e+05,8.4104e+05,3.3981e+05,1.7474e+05,0,0,0,0,0,0,0,0,0,0,0,0,0,0,0,0,0,0,0,0,0,0,0,0,0,0,0,0,0,0,0,0,0,0,0,0,0,0,0,0,6.0352e+05,1.4658e+05,1.3217e+05,2.3251e+06,5.116e+05,8.6017e+05,1.092e+06,3.8435e+05,1.7007e+05,2.3749e+05
1.7217e+06,1.9752e+05,2.0326e+05,2.6592e+06,8.7858e+05,3.7103e+06,4.7631e+05,8.4104e+05,3.6123e+05,1.6978e+05,0,0,0,0,0,0,0,0,0,0,0,0,0,0,0,0,0,0,0,0,0,0,0,0,0,0,0,0,0,0,0,0,0,0,0,0,0,0,0,0,1.7206e+06,2.1518e+05,2.0151e+05,2.5843e+06,8.4218e+05,3.0885e+06,7.8878e+05,8.4104e+05,3.3981e+05,1.7474e+05,0,0,0,0,0,0,0,0,0,0,0,0,0,0,0,0,0,0,0,0,0,0,0,0,0,0,0,0,0,0,0,0,0,0,0,0,0,0,0,0,6.067e+05,1.4756e+05,1.6551e+05,2.2772e+06,4.6676e+05,7.7302e+05,1.0989e+06,3.5441e+05,1.6391e+05,2.4178e+05
1.7217e+06,1.9752e+05,2.0326e+05,2.6592e+06,8.7858e+05,3.7103e+06,6.1059e+05,8.4104e+05,3.6198e+05,1.6978e+05,0,0,0,0,0,0,0,0,0,0,0,0,0,0,0,0,0,0,0,0,0,0,0,0,0,0,0,0,0,0,0,0,0,0,0,0,0,0,0,0,1.7206e+06,2.1518e+05,2.0151e+05,2.5843e+06,8.4218e+05,3.0885e+06,8.5664e+05,8.4104e+05,3.4209e+05,1.7474e+05,0,0,0,0,0,0,0,0,0,0,0,0,0,0,0,0,0,0,0,0,0,0,0,0,0,0,0,0,0,0,0,0,0,0,0,0,0,0,0,0,5.4264e+05,1.4756e+05,1.7299e+05,2.1449e+06,3.8523e+05,1.0118e+06,1.1027e+06,3.604e+05,1.693e+05,2.5181e+05
1.7217e+06,1.9752e+05,2.0326e+05,2.6592e+06,8.7858e+05,3.7103e+06,6.8995e+05,8.4104e+05,3.6198e+05,1.6978e+05,0,0,0,0,0,0,0,0,0,0,0,0,0,0,0,0,0,0,0,0,0,0,0,0,0,0,0,0,0,0,0,0,0,0,0,0,0,0,0,0,1.4265e+06,2.1518e+05,2.0151e+05,2.5843e+06,8.4218e+05,3.0146e+06,8.9643e+05,8.4104e+05,3.4209e+05,1.7474e+05,0,0,0,0,0,0,0,0,0,0,0,0,0,0,0,0,0,0,0,0,0,0,0,0,0,0,0,0,0,0,0,0,0,0,0,0,0,0,0,0,5.1987e+05,62196,1.8929e+05,2.0897e+06,3.6586e+05,1.0712e+06,1.1029e+06,3.2545e+05,1.5467e+05,2.5259e+05
1.7217e+06,1.9752e+05,2.0326e+05,2.6592e+06,8.7858e+05,3.7103e+06,1.3003e+06,8.4648e+05,3.6198e+05,1.7086e+05,0,0,0,0,0,0,0,0,0,0,0,0,0,0,0,0,0,0,0,0,0,0,0,0,0,0,0,0,0,0,0,0,0,0,0,0,0,0,0,0,1.4373e+06,2.1251e+05,2.0686e+05,2.5843e+06,8.4218e+05,2.9256e+06,1.3003e+06,8.4648e+05,3.4432e+05,1.7474e+05,0,0,0,0,0,0,0,0,0,0,0,0,0,0,0,0,0,0,0,0,0,0,0,0,0,0,0,0,0,0,0,0,0,0,0,0,0,0,0,0,5.2289e+05,54976,1.9018e+05,1.9549e+06,3.1185e+05,1.0718e+06,1.1029e+06,3.2745e+05,1.5237e+05,2.5259e+05
1.7312e+06,1.9752e+05,2.121e+05,2.6592e+06,8.7858e+05,3.717e+06,1.3967e+06,8.5342e+05,3.6482e+05,1.7086e+05,0,0,0,0,0,0,0,0,0,0,0,0,0,0,0,0,0,0,0,0,0,0,0,0,0,0,0,0,0,0,0,0,0,0,0,0,0,0,0,0,1.5013e+06,1.4512e+05,2.2738e+05,2.5843e+06,8.4218e+05,3.2163e+06,1.3967e+06,8.5342e+05,3.4716e+05,1.7474e+05,0,0,0,0,0,0,0,0,0,0,0,0,0,0,0,0,0,0,0,0,0,0,0,0,0,0,0,0,0,0,0,0,0,0,0,0,0,0,0,0,5.0133e+05,48596,2.0109e+05,1.8807e+06,2.9045e+05,1.3583e+06,1.1029e+06,2.995e+05,1.5237e+05,2.5259e+05
1.7317e+06,1.9251e+05,2.2759e+05,2.6592e+06,8.7858e+05,3.717e+06,1.4547e+06,8.5342e+05,3.6482e+05,1.7086e+05,0,0,0,0,0,0,0,0,0,0,0,0,0,0,0,0,0,0,0,0,0,0,0,0,0,0,0,0,0,0,0,0,0,0,0,0,0,0,0,0,1.5841e+06,1.1674e+05,2.5738e+05,2.5843e+06,8.4218e+05,3.3364e+06,1.4547e+06,8.5342e+05,3.4716e+05,1.7474e+05,0,0,0,0,0,0,0,0,0,0,0,0,0,0,0,0,0,0,0,0,0,0,0,0,0,0,0,0,0,0,0,0,0,0,0,0,0,0,0,0,5.002e+05,1.2374e+05,2.0042e+05,1.8238e+06,2.4357e+05,1.325e+06,1.1029e+06,2.9051e+05,1.4467e+05,2.5259e+05
1.7537e+06,1.6171e+05,2.458e+05,2.6592e+06,8.7858e+05,3.717e+06,1.4637e+06,8.5342e+05,3.6482e+05,1.7086e+05,0,0,0,0,0,0,0,0,0,0,0,0,0,0,0,0,0,0,0,0,0,0,0,0,0,0,0,0,0,0,0,0,0,0,0,0,0,0,0,0,1.6664e+06,95218,2.8055e+05,2.5843e+06,8.4218e+05,3.4306e+06,1.4637e+06,8.5342e+05,3.4716e+05,1.7474e+05,0,0,0,0,0,0,0,0,0,0,0,0,0,0,0,0,0,0,0,0,0,0,0,0,0,0,0,0,0,0,0,0,0,0,0,0,0,0,0,0,6.3599e+05,1.3576e+05,1.9302e+05,1.7918e+06,2.2815e+05,1.5184e+06,1.1029e+06,2.965e+05,1.4919e+05,2.5259e+05
1.7886e+06,1.5825e+05,2.6563e+05,2.6592e+06,8.7858e+05,3.717e+06,1.4724e+06,8.5342e+05,3.6482e+05,1.7086e+05,0,0,0,0,0,0,0,0,0,0,0,0,0,0,0,0,0,0,0,0,0,0,0,0,0,0,0,0,0,0,0,0,0,0,0,0,0,0,0,0,1.7265e+06,88206,2.997e+05,2.5843e+06,8.4218e+05,3.4306e+06,1.4724e+06,8.5342e+05,3.4716e+05,1.7474e+05,0,0,0,0,0,0,0,0,0,0,0,0,0,0,0,0,0,0,0,0,0,0,0,0,0,0,0,0,0,0,0,0,0,0,0,0,0,0,0,0,7.035e+05,1.7293e+05,1.9302e+05,1.8518e+06,2.3236e+05,1.1104e+06,1.1029e+06,3.1048e+05,1.4967e+05,2.5259e+05
1.8433e+06,95990,2.7899e+05,2.6592e+06,8.7858e+05,3.717e+06,1.4983e+06,8.5342e+05,3.6482e+05,1.7086e+05,0,0,0,0,0,0,0,0,0,0,0,0,0,0,0,0,0,0,0,0,0,0,0,0,0,0,0,0,0,0,0,0,0,0,0,0,0,0,0,0,1.7265e+06,57707,3.0496e+05,2.4606e+06,8.4218e+05,3.4306e+06,1.4983e+06,8.5342e+05,3.4716e+05,1.7474e+05,0,0,0,0,0,0,0,0,0,0,0,0,0,0,0,0,0,0,0,0,0,0,0,0,0,0,0,0,0,0,0,0,0,0,0,0,0,0,0,0,5.7112e+05,1.7293e+05,1.914e+05,1.8742e+06,2.0586e+05,9.8915e+05,1.1029e+06,2.8352e+05,1.4775e+05,2.5259e+05
1.8788e+06,1.1842e+05,2.8012e+05,2.6592e+06,8.7858e+05,3.717e+06,1.5201e+06,8.5342e+05,3.6482e+05,1.7086e+05,0,0,0,0,0,0,0,0,0,0,0,0,0,0,0,0,0,0,0,0,0,0,0,0,0,0,0,0,0,0,0,0,0,0,0,0,0,0,0,0,1.7259e+06,71455,3.0324e+05,2.4606e+06,8.4218e+05,3.4306e+06,1.5201e+06,8.5342e+05,3.4716e+05,1.7474e+05,0,0,0,0,0,0,0,0,0,0,0,0,0,0,0,0,0,0,0,0,0,0,0,0,0,0,0,0,0,0,0,0,0,0,0,0,0,0,0,0,6.3438e+05,1.8166e+05,1.9863e+05,1.7199e+06,1.9567e+05,9.8494e+05,1.1029e+06,2.985e+05,1.3698e+05,2.5259e+05
1.8866e+06,1.7375e+05,2.8012e+05,2.6592e+06,8.7858e+05,3.717e+06,1.5498e+06,8.5342e+05,3.6482e+05,1.7086e+05,0,0,0,0,0,0,0,0,0,0,0,0,0,0,0,0,0,0,0,0,0,0,0,0,0,0,0,0,0,0,0,0,0,0,0,0,0,0,0,0,1.476e+06,1.2925e+05,3.1098e+05,2.4606e+06,8.4218e+05,3.4306e+06,1.5498e+06,8.5342e+05,3.4716e+05,1.7474e+05,0,0,0,0,0,0,0,0,0,0,0,0,0,0,0,0,0,0,0,0,0,0,0,0,0,0,0,0,0,0,0,0,0,0,0,0,0,0,0,0,6.3458e+05,1.8155e+05,2.0098e+05,1.5149e+06,1.9058e+05,9.6788e+05,1.1029e+06,3.1123e+05,1.3274e+05,2.5259e+05
1.9055e+06,2.0053e+05,2.8012e+05,2.6592e+06,8.7858e+05,3.717e+06,1.5498e+06,8.5342e+05,3.6482e+05,1.7086e+05,0,0,0,0,0,0,0,0,0,0,0,0,0,0,0,0,0,0,0,0,0,0,0,0,0,0,0,0,0,0,0,0,0,0,0,0,0,0,0,0,1.319e+06,1.8154e+05,3.1098e+05,2.4606e+06,8.4218e+05,3.4306e+06,1.5498e+06,8.5342e+05,3.4716e+05,1.7474e+05,0,0,0,0,0,0,0,0,0,0,0,0,0,0,0,0,0,0,0,0,0,0,0,0,0,0,0,0,0,0,0,0,0,0,0,0,0,0,0,0,7.5259e+05,1.8155e+05,2.0729e+05,1.4394e+06,1.6102e+05,1.0928e+06,1.1029e+06,3.3138e+05,1.1466e+05,2.5259e+05
1.9087e+06,2.14e+05,2.8012e+05,2.6592e+06,8.7858e+05,3.717e+06,1.5498e+06,8.5342e+05,3.6482e+05,1.7086e+05,0,0,0,0,0,0,0,0,0,0,0,0,0,0,0,0,0,0,0,0,0,0,0,0,0,0,0,0,0,0,0,0,0,0,0,0,0,0,0,0,1.5603e+06,1.868e+05,3.1098e+05,2.4606e+06,8.3863e+05,3.4306e+06,1.5498e+06,8.5342e+05,3.0278e+05,1.7474e+05,0,0,0,0,0,0,0,0,0,0,0,0,0,0,0,0,0,0,0,0,0,0,0,0,0,0,0,0,0,0,0,0,0,0,0,0,0,0,0,0,5.5838e+05,1.683e+05,2.0733e+05,1.458e+06,1.335e+05,1.117e+06,1.1029e+06,3.3138e+05,95806,2.5259e+05
1.9162e+06,2.1738e+05,2.8012e+05,2.6592e+06,8.7858e+05,3.717e+06,1.5498e+06,8.5342e+05,3.6482e+05,1.7086e+05,0,0,0,0,0,0,0,0,0,0,0,0,0,0,0,0,0,0,0,0,0,0,0,0,0,0,0,0,0,0,0,0,0,0,0,0,0,0,0,0,1.7131e+06,1.868e+05,3.1098e+05,2.4606e+06,8.2505e+05,3.4306e+06,1.5498e+06,8.5342e+05,3.0278e+05,1.7474e+05,0,0,0,0,0,0,0,0,0,0,0,0,0,0,0,0,0,0,0,0,0,0,0,0,0,0,0,0,0,0,0,0,0,0,0,0,0,0,0,0,6.4238e+05,1.683e+05,2.0965e+05,1.5301e+06,1.2637e+05,1.117e+06,1.1025e+06,3.1697e+05,80800,2.4895e+05
1.9274e+06,2.1738e+05,2.8012e+05,2.6592e+06,8.7858e+05,3.717e+06,1.5498e+06,8.5342e+05,3.6482e+05,1.7086e+05,0,0,0,0,0,0,0,0,0,0,0,0,0,0,0,0,0,0,0,0,0,0,0,0,0,0,0,0,0,0,0,0,0,0,0,0,0,0,0,0,1.8606e+06,1.6224e+05,2.7663e+05,2.4606e+06,8.0916e+05,3.4306e+06,1.5498e+06,8.5342e+05,3.0278e+05,1.7474e+05,0,0,0,0,0,0,0,0,0,0,0,0,0,0,0,0,0,0,0,0,0,0,0,0,0,0,0,0,0,0,0,0,0,0,0,0,0,0,0,0,6.869e+05,1.683e+05,2.1194e+05,1.5301e+06,1.1822e+05,1.117e+06,1.1019e+06,2.7254e+05,65410,2.4694e+05
1.9274e+06,2.1187e+05,2.8012e+05,2.6592e+06,8.7858e+05,3.717e+06,1.5498e+06,8.5342e+05,3.6482e+05,1.7086e+05,0,0,0,0,0,0,0,0,0,0,0,0,0,0,0,0,0,0,0,0,0,0,0,0,0,0,0,0,0,0,0,0,0,0,0,0,0,0,0,0,1.8811e+06,1.2111e+05,2.7663e+05,2.4606e+06,7.9039e+05,3.4188e+06,1.5498e+06,8.5342e+05,3.0278e+05,1.7474e+05,0,0,0,0,0,0,0,0,0,0,0,0,0,0,0,0,0,0,0,0,0,0,0,0,0,0,0,0,0,0,0,0,0,0,0,0,0,0,0,0,7.25e+05,1.683e+05,2.1712e+05,1.5301e+06,1.2433e+05,1.117e+06,1.1017e+06,2.4259e+05,58099,2.4264e+05
1.9274e+06,2.1187e+05,2.8012e+05,2.6592e+06,8.7858e+05,3.717e+06,1.5498e+06,8.5342e+05,3.6482e+05,1.5702e+05,0,0,0,0,0,0,0,0,0,0,0,0,0,0,0,0,0,0,0,0,0,0,0,0,0,0,0,0,0,0,0,0,0,0,0,0,0,0,0,0,1.8811e+06,1.6067e+05,2.7663e+05,2.4606e+06,7.6499e+05,3.4188e+06,1.5498e+06,8.4103e+05,3.0278e+05,1.7474e+05,0,0,0,0,0,0,0,0,0,0,0,0,0,0,0,0,0,0,0,0,0,0,0,0,0,0,0,0,0,0,0,0,0,0,0,0,0,0,0,0,5.764e+05,1.5572e+05,2.1726e+05,1.5301e+06,1.3172e+05,1.0303e+06,1.1016e+06,1.9467e+05,52713,2.3691e+05
1.9274e+06,2.1198e+05,2.8012e+05,2.6592e+06,8.7858e+05,3.717e+06,1.5498e+06,8.5342e+05,3.6482e+05,1.5702e+05,0,0,0,0,0,0,0,0,0,0,0,0,0,0,0,0,0,0,0,0,0,0,0,0,0,0,0,0,0,0,0,0,0,0,0,0,0,0,0,0,1.8811e+06,1.8347e+05,2.7663e+05,2.4606e+06,7.6499e+05,3.4188e+06,1.5498e+06,7.7914e+05,3.0278e+05,1.7474e+05,0,0,0,0,0,0,0,0,0,0,0,0,0,0,0,0,0,0,0,0,0,0,0,0,0,0,0,0,0,0,0,0,0,0,0,0,0,0,0,0,6.1711e+05,1.566e+05,2.1733e+05,1.5301e+06,1.3172e+05,1.0303e+06,1.1014e+06,1.4476e+05,50789,2.2832e+05
1.9274e+06,2.1198e+05,2.8012e+05,2.6592e+06,8.7858e+05,1.6383e+06,1.5498e+06,8.5342e+05,3.5734e+05,1.5702e+05,0,0,0,0,0,0,0,0,0,0,0,0,0,0,0,0,0,0,0,0,0,0,0,0,0,0,0,0,0,0,0,0,0,0,0,0,0,0,0,0,1.7488e+06,2.0109e+05,2.7663e+05,2.4606e+06,7.6499e+05,1.3343e+06,1.5498e+06,7.2673e+05,2.1441e+05,1.7474e+05,0,0,0,0,0,0,0,0,0,0,0,0,0,0,0,0,0,0,0,0,0,0,0,0,0,0,0,0,0,0,0,0,0,0,0,0,0,0,0,0,5.7033e+05,1.3611e+05,2.1702e+05,1.5301e+06,1.3172e+05,1.0303e+06,1.1011e+06,1.1581e+05,50789,2.2574e+05
1.9274e+06,2.1254e+05,2.8012e+05,2.6592e+06,8.6463e+05,1.6383e+06,1.5498e+06,8.5342e+05,2.6924e+05,1.3336e+05,0,0,0,0,0,0,0,0,0,0,0,0,0,0,0,0,0,0,0,0,0,0,0,0,0,0,0,0,0,0,0,0,0,0,0,0,0,0,0,0,1.5729e+06,2.1268e+05,2.7663e+05,2.4606e+06,4.9402e+05,1.3343e+06,1.5498e+06,6.7044e+05,1.604e+05,1.7024e+05,0,0,0,0,0,0,0,0,0,0,0,0,0,0,0,0,0,0,0,0,0,0,0,0,0,0,0,0,0,0,0,0,0,0,0,0,0,0,0,0,6.1413e+05,1.3611e+05,2.1702e+05,1.5301e+06,1.1618e+05,9.2105e+05,1.1011e+06,88851,50789,2.0712e+05
1.9274e+06,2.1254e+05,2.0672e+05,2.6592e+06,8.6463e+05,1.6383e+06,1.5498e+06,8.5342e+05,2.6924e+05,1.3336e+05,0,0,0,0,0,0,0,0,0,0,0,0,0,0,0,0,0,0,0,0,0,0,0,0,0,0,0,0,0,0,0,0,0,0,0,0,0,0,0,0,1.4912e+06,2.1268e+05,2.1198e+05,2.4606e+06,4.9402e+05,1.3343e+06,1.5498e+06,6.2273e+05,1.604e+05,1.7024e+05,0,0,0,0,0,0,0,0,0,0,0,0,0,0,0,0,0,0,0,0,0,0,0,0,0,0,0,0,0,0,0,0,0,0,0,0,0,0,0,0,6.1413e+05,1.3611e+05,2.1732e+05,1.5301e+06,85606,7.025e+05,1.1009e+06,77869,50019,1.7561e+05
1.9274e+06,2.1254e+05,2.0672e+05,2.6592e+06,8.6463e+05,1.6383e+06,1.5498e+06,8.5342e+05,2.2002e+05,1.3336e+05,0,0,0,0,0,0,0,0,0,0,0,0,0,0,0,0,0,0,0,0,0,0,0,0,0,0,0,0,0,0,0,0,0,0,0,0,0,0,0,0,1.2067e+06,2.1268e+05,2.1198e+05,2.4606e+06,4.9402e+05,1.3343e+06,1.5498e+06,5.7092e+05,1.3694e+05,1.7024e+05,0,0,0,0,0,0,0,0,0,0,0,0,0,0,0,0,0,0,0,0,0,0,0,0,0,0,0,0,0,0,0,0,0,0,0,0,0,0,0,0,5.6948e+05,1.3063e+05,2.1735e+05,1.5301e+06,65224,6.7127e+05,1.0993e+06,67886,50019,1.4209e+05
1.9274e+06,2.1254e+05,1.6826e+05,2.6592e+06,8.5635e+05,1.6383e+06,1.5498e+06,8.5342e+05,2.2002e+05,1.3336e+05,0,0,0,0,0,0,0,0,0,0,0,0,0,0,0,0,0,0,0,0,0,0,0,0,0,0,0,0,0,0,0,0,0,0,0,0,0,0,0,0,1.4116e+06,2.1268e+05,1.928e+05,2.4606e+06,4.5792e+05,1.3343e+06,1.5498e+06,5.4284e+05,1.3694e+05,1.5124e+05,0,0,0,0,0,0,0,0,0,0,0,0,0,0,0,0,0,0,0,0,0,0,0,0,0,0,0,0,0,0,0,0,0,0,0,0,0,0,0,0,6.1663e+05,1.3649e+05,2.1735e+05,1.5301e+06,55032,4.5272e+05,1.097e+06,55906,50019,98834
1.9274e+06,65566,1.6345e+05,2.6451e+06,7.4335e+05,1.6383e+06,1.5498e+06,7.0947e+05,2.2002e+05,1.1616e+05,0,0,0,0,0,0,0,0,0,0,0,0,0,0,0,0,0,0,0,0,0,0,0,0,0,0,0,0,0,0,0,0,0,0,0,0,0,0,0,0,1.4683e+06,94100,1.904e+05,2.4606e+06,3.9614e+05,1.3343e+06,1.5498e+06,3.7021e+05,1.3694e+05,92885,0,0,0,0,0,0,0,0,0,0,0,0,0,0,0,0,0,0,0,0,0,0,0,0,0,0,0,0,0,0,0,0,0,0,0,0,0,0,0,0,5.9704e+05,1.3977e+05,2.1735e+05,1.5301e+06,48918,3.7466e+05,1.0929e+06,30948,50019,69613
1.9274e+06,1.0241e+05,96149,1.3637e+06,6.3752e+05,1.6383e+06,1.5498e+06,6.1283e+05,2.2002e+05,62572,0,0,0,0,0,0,0,0,0,0,0,0,0,0,0,0,0,0,0,0,0,0,0,0,0,0,0,0,0,0,0,0,0,0,0,0,0,0,0,0,1.4683e+06,81161,1.5675e+05,1.9889e+06,3.3863e+05,1.3343e+06,1.5498e+06,3.2139e+05,1.3694e+05,55063,0,0,0,0,0,0,0,0,0,0,0,0,0,0,0,0,0,0,0,0,0,0,0,0,0,0,0,0,0,0,0,0,0,0,0,0,0,0,0,0,6.1983e+05,1.6241e+05,2.1735e+05,1.5301e+06,39746,3.7466e+05,1.0863e+06,29950,59927,47555
1.9274e+06,17079,1.971e+05,1.2486e+06,5.343e+05,1.6383e+06,1.5498e+06,5.3721e+05,1.4084e+05,62572,0,0,0,0,0,0,0,0,0,0,0,0,0,0,0,0,0,0,0,0,0,0,0,0,0,0,0,0,0,0,0,0,0,0,0,0,0,0,0,0,1.3712e+06,82071,1.5675e+05,1.9543e+06,2.8448e+05,1.3343e+06,1.5498e+06,2.8508e+05,1.1967e+05,55063,0,0,0,0,0,0,0,0,0,0,0,0,0,0,0,0,0,0,0,0,0,0,0,0,0,0,0,0,0,0,0,0,0,0,0,0,0,0,0,0,4.9536e+05,1.6423e+05,2.1735e+05,1.5301e+06,34650,3.7466e+05,1.0746e+06,32945,74259,29507
1.3162e+06,69275,86534,1.1024e+06,4.6522e+05,1.6383e+06,1.5498e+06,5.3721e+05,1.4084e+05,48818,0,0,0,0,0,0,0,0,0,0,0,0,0,0,0,0,0,0,0,0,0,0,0,0,0,0,0,0,0,0,0,0,0,0,0,0,0,0,0,0,8.9305e+05,82161,1.5194e+05,1.881e+06,2.4586e+05,1.3343e+06,1.5498e+06,2.8508e+05,1.1967e+05,35009,0,0,0,0,0,0,0,0,0,0,0,0,0,0,0,0,0,0,0,0,0,0,0,0,0,0,0,0,0,0,0,0,0,0,0,0,0,0,0,0,4.6992e+05,1.6432e+05,2.1735e+05,1.5301e+06,26497,2.9661e+05,1.0663e+06,14975,95614,21199
8.3757e+05,77309,67292,8.8195e+05,3.9297e+05,1.6383e+06,7.1303e+05,5.1216e+05,63452,48818,0,0,0,0,0,0,0,0,0,0,0,0,0,0,0,0,0,0,0,0,0,0,0,0,0,0,0,0,0,0,0,0,0,0,0,0,0,0,0,0,6.6538e+05,82161,1.255e+05,1.7428e+06,2.0872e+05,1.3288e+06,8.8795e+05,2.6157e+05,88286,35009,0,0,0,0,0,0,0,0,0,0,0,0,0,0,0,0,0,0,0,0,0,0,0,0,0,0,0,0,0,0,0,0,0,0,0,0,0,0,0,0,4.9319e+05,1.6432e+05,2.1735e+05,1.5301e+06,24459,3.3128e+05,1.0629e+06,10982,1.1312e+05,16329
3.657e+05,77309,56745,2.0563e+05,3.1865e+05,1.6383e+06,7.1303e+05,4.1386e+05,51323,48818,0,0,0,0,0,0,0,0,0,0,0,0,0,0,0,0,0,0,0,0,0,0,0,0,0,0,0,0,0,0,0,0,0,0,0,0,0,0,0,0,4.059e+05,82161,1.1829e+05,1.4217e+06,1.6901e+05,1.0603e+06,8.8795e+05,2.0843e+05,79144,31916,0,0,0,0,0,0,0,0,0,0,0,0,0,0,0,0,0,0,0,0,0,0,0,0,0,0,0,0,0,0,0,0,0,0,0,0,0,0,0,0,5.1268e+05,1.6432e+05,2.1735e+05,1.5301e+06,27516,3.2783e+05,1.0629e+06,2995,1.0696e+05,14324
3.657e+05,78640,56745,1.7543e+05,2.4292e+05,1.4139e+06,7.1303e+05,3.2383e+05,27919,37882,0,0,0,0,0,0,0,0,0,0,0,0,0,0,0,0,0,0,0,0,0,0,0,0,0,0,0,0,0,0,0,0,0,0,0,0,0,0,0,0,3.2957e+05,82161,1.1348e+05,1.3887e+06,1.3573e+05,9.0208e+05,8.8795e+05,1.6341e+05,68596,21949,0,0,0,0,0,0,0,0,0,0,0,0,0,0,0,0,0,0,0,0,0,0,0,0,0,0,0,0,0,0,0,0,0,0,0,0,0,0,0,0,4.7049e+05,1.6432e+05,2.1735e+05,1.5301e+06,28535,3.2783e+05,1.0629e+06,2995,1.0696e+05,6016
2.399e+05,78640,11616,1.7016e+05,1.7601e+05,8.5794e+05,6.1587e+05,2.4326e+05,2808.5,15575,0,0,0,0,0,0,0,0,0,0,0,0,0,0,0,0,0,0,0,0,0,0,0,0,0,0,0,0,0,0,0,0,0,0,0,0,0,0,0,0,2.4047e+05,82161,1.0867e+05,1.3363e+06,1.0329e+05,5.8508e+05,8.4571e+05,1.2213e+05,40842,10079,0,0,0,0,0,0,0,0,0,0,0,0,0,0,0,0,0,0,0,0,0,0,0,0,0,0,0,0,0,0,0,0,0,0,0,0,0,0,0,0,4.2111e+05,1.6432e+05,2.1735e+05,1.5301e+06,30574,3.1222e+05,1.0629e+06,998.32,78876,4583.6
2.399e+05,78640,11616,1.0449e+05,1.1346e+05,2.983e+05,5.1886e+05,1.6361e+05,10,14860,0,0,0,0,0,0,0,0,0,0,0,0,0,0,0,0,0,0,0,0,0,0,0,0,0,0,0,0,0,0,0,0,0,0,0,0,0,0,0,0,2.0734e+05,82161,1.0865e+05,1.3169e+06,68961,3.0526e+05,8.0239e+05,81805,31743,9292,0,0,0,0,0,0,0,0,0,0,0,0,0,0,0,0,0,0,0,0,0,0,0,0,0,0,0,0,0,0,0,0,0,0,0,0,0,0,0,0,4.1468e+05,1.6432e+05,2.1731e+05,1.5301e+06,51494,3.1222e+05,1.0629e+06,998.33,63486,3939
2.2311e+05,78640,4905.9,1.0141e+05,73416,3.0051e+05,2.159e+05,48658,30525,25052,0,0,0,0,0,0,0,0,0,0,0,0,0,0,0,0,0,0,0,0,0,0,0,0,0,0,0,0,0,0,0,0,0,0,0,0,0,0,0,0,2.5558e+05,82161,1.0865e+05,1.2389e+06,68961,1.7035e+05,6.5461e+05,40318,31191,14950,0,0,0,0,0,0,0,0,0,0,0,0,0,0,0,0,0,0,0,0,0,0,0,0,0,0,0,0,0,0,0,0,0,0,0,0,0,0,0,0,4.2148e+05,1.6432e+05,2.1731e+05,1.5301e+06,54042,3.2783e+05,1.0629e+06,998.33,50789,3939
1.5997e+05,70129,10.004,1.2513e+05,73416,2.6622e+05,1.2909e+05,41994,23819,27015,0,0,0,0,0,0,0,0,0,0,0,0,0,0,0,0,0,0,0,0,0,0,0,0,0,0,0,0,0,0,0,0,0,0,0,0,0,0,0,0,2.6984e+05,82161,1.0855e+05,1.1403e+06,68961,1.9514e+05,5.4782e+05,15277,28857,8083.2,0,0,0,0,0,0,0,0,0,0,0,0,0,0,0,0,0,0,0,0,0,0,0,0,0,0,0,0,0,0,0,0,0,0,0,0,0,0,0,0,4.2148e+05,1.6432e+05,2.1711e+05,1.5301e+06,38981,3.673e+05,1.0629e+06,10.001,57714,10.001
1.6253e+05,70693,10.006,1.3343e+05,73416,1.8382e+05,1.2909e+05,12509,16446,27015,0,0,0,0,0,0,0,0,0,0,0,0,0,0,0,0,0,0,0,0,0,0,0,0,0,0,0,0,0,0,0,0,0,0,0,0,0,0,0,0,2.925e+05,82161,1.0853e+05,1.0761e+06,55890,1.9514e+05,5.4782e+05,10.075,24817,10.008,0,0,0,0,0,0,0,0,0,0,0,0,0,0,0,0,0,0,0,0,0,0,0,0,0,0,0,0,0,0,0,0,0,0,0,0,0,0,0,0,4.2148e+05,1.6432e+05,2.1707e+05,1.5301e+06,42803,3.7074e+05,1.0629e+06,10.001,49634,10.001
1.3257e+05,57820,10.004,1.0238e+05,52510,1.141e+05,99744,10.009,10208,24000,0,0,0,0,0,0,0,0,0,0,0,0,0,0,0,0,0,0,0,0,0,0,0,0,0,0,0,0,0,0,0,0,0,0,0,0,0,0,0,0,2.9674e+05,82161,1.0649e+05,1.0392e+06,11676,1.9514e+05,5.4782e+05,10.005,24432,10.002,0,0,0,0,0,0,0,0,0,0,0,0,0,0,0,0,0,0,0,0,0,0,0,0,0,0,0,0,0,0,0,0,0,0,0,0,0,0,0,0,4.2148e+05,1.6432e+05,2.1298e+05,1.5301e+06,22421,3.7074e+05,1.0629e+06,10.001,48865,10.001
1.3257e+05,57820,10.006,37767,29287,74186,41153,10.004,6656.2,11566,0,0,0,0,0,0,0,0,0,0,0,0,0,0,0,0,0,0,0,0,0,0,0,0,0,0,0,0,0,0,0,0,0,0,0,0,0,0,0,0,2.9674e+05,82161,98263,9.7407e+05,13758,1.7953e+05,5.4781e+05,998.33,17122,10.002,0,0,0,0,0,0,0,0,0,0,0,0,0,0,0,0,0,0,0,0,0,0,0,0,0,0,0,0,0,0,0,0,0,0,0,0,0,0,0,0,4.2148e+05,1.6432e+05,1.9653e+05,1.5301e+06,27516,3.5905e+05,1.0629e+06,1996.6,34244,10.001
98561,44101,10.005,1.7831e+05,1.4099e+05,3.4341e+05,1.1426e+05,10.037,34132,50609,0,0,0,0,0,0,0,0,0,0,0,0,0,0,0,0,0,0,0,0,0,0,0,0,0,0,0,0,0,0,0,0,0,0,0,0,0,0,0,0,2.9674e+05,82161,84657,9.6955e+05,1.2063e+05,2.3417e+05,5.4781e+05,1372.8,34132,16717,0,0,0,0,0,0,0,0,0,0,0,0,0,0,0,0,0,0,0,0,0,0,0,0,0,0,0,0,0,0,0,0,0,0,0,0,0,0,0,0,4.2148e+05,1.6432e+05,1.6931e+05,1.5301e+06,37973,4.6833e+05,1.0629e+06,2745.5,24625,10.008
97945,44142,10.01,1.6709e+05,1.3867e+05,3.2255e+05,1.1434e+05,10.009,28940,49412,0,0,0,0,0,0,0,0,0,0,0,0,0,0,0,0,0,0,0,0,0,0,0,0,0,0,0,0,0,0,0,0,0,0,0,0,0,0,0,0,2.9674e+05,82160,84657,9.4053e+05,1.0208e+05,2.3417e+05,5.4781e+05,1497.5,28940,14256,0,0,0,0,0,0,0,0,0,0,0,0,0,0,0,0,0,0,0,0,0,0,0,0,0,0,0,0,0,0,0,0,0,0,0,0,0,0,0,0,4.2148e+05,1.6432e+05,1.6931e+05,1.5301e+06,39051,4.6833e+05,1.0629e+06,2995.1,13082,10.012
97945,47739,10.099,1.6723e+05,1.4098e+05,3.4885e+05,1.1434e+05,10.043,34687,49599,0,0,0,0,0,0,0,0,0,0,0,0,0,0,0,0,0,0,0,0,0,0,0,0,0,0,0,0,0,0,0,0,0,0,0,0,0,0,0,0,2.9674e+05,82160,84657,9.4053e+05,1.1871e+05,1.7953e+05,5.4781e+05,5116.5,34687,16989,0,0,0,0,0,0,0,0,0,0,0,0,0,0,0,0,0,0,0,0,0,0,0,0,0,0,0,0,0,0,0,0,0,0,0,0,0,0,0,0,4.2148e+05,1.6432e+05,1.6931e+05,1.5301e+06,39051,3.5905e+05,1.0629e+06,10233,12697,16989
1.2353e+05,56840,10.21,86220,79896,2.1235e+05,88099,10.012,18998,29538,0,0,0,0,0,0,0,0,0,0,0,0,0,0,0,0,0,0,0,0,0,0,0,0,0,0,0,0,0,0,0,0,0,0,0,0,0,0,0,0,2.9674e+05,82160,79702,9.4053e+05,31826,2.888e+05,5.4781e+05,5990,4040,10.03,0,0,0,0,0,0,0,0,0,0,0,0,0,0,0,0,0,0,0,0,0,0,0,0,0,0,0,0,0,0,0,0,0,0,0,0,0,0,0,0,4.2148e+05,1.6432e+05,1.594e+05,1.5301e+06,12227,4.0345e+05,1.0629e+06,11980,8080,10.006
90893,43514,10.02,54446,46222,1.0967e+05,53317,10.005,9839.6,16624,0,0,0,0,0,0,0,0,0,0,0,0,0,0,0,0,0,0,0,0,0,0,0,0,0,0,0,0,0,0,0,0,0,0,0,0,0,0,0,0,2.9674e+05,82160,59901,9.4053e+05,8736,2.888e+05,5.4781e+05,5490.8,3078.1,10.001,0,0,0,0,0,0,0,0,0,0,0,0,0,0,0,0,0,0,0,0,0,0,0,0,0,0,0,0,0,0,0,0,0,0,0,0,0,0,0,0,4.2148e+05,1.6432e+05,1.198e+05,1.5301e+06,3057.4,4.3077e+05,1.0629e+06,10982,6156.2,10.003
59940,26546,10.003,56231,76344,2.0817e+05,34762,10.011,20025,23843,0,0,0,0,0,0,0,0,0,0,0,0,0,0,0,0,0,0,0,0,0,0,0,0,0,0,0,0,0,0,0,0,0,0,0,0,0,0,0,0,2.9674e+05,82160,44741,9.4053e+05,46570,2.4197e+05,5.4781e+05,12978,1923.8,1171.4,0,0,0,0,0,0,0,0,0,0,0,0,0,0,0,0,0,0,0,0,0,0,0,0,0,0,0,0,0,0,0,0,0,0,0,0,0,0,0,0,4.2148e+05,1.6432e+05,89482,1.5301e+06,5095.6,4.5809e+05,1.0629e+06,25956,3847.6,10.001
74007,39175,10.041,1.8372e+05,1.2219e+05,2.7983e+05,1.4418e+05,10.023,25666,47964,0,0,0,0,0,0,0,0,0,0,0,0,0,0,0,0,0,0,0,0,0,0,0,0,0,0,0,0,0,0,0,0,0,0,0,0,0,0,0,0,2.9674e+05,82160,33961,8.8958e+05,75074,2.3417e+05,5.4781e+05,15973,22475,12596,0,0,0,0,0,0,0,0,0,0,0,0,0,0,0,0,0,0,0,0,0,0,0,0,0,0,0,0,0,0,0,0,0,0,0,0,0,0,0,0,4.2148e+05,1.6432e+05,67921,1.5301e+06,19198,4.6833e+05,1.0629e+06,31946,2308.6,10.001
82845,44451,10.092,1.7997e+05,1.2769e+05,3.0336e+05,1.4053e+05,10.03,30141,48118,0,0,0,0,0,0,0,0,0,0,0,0,0,0,0,0,0,0,0,0,0,0,0,0,0,0,0,0,0,0,0,0,0,0,0,0,0,0,0,0,2.9674e+05,82160,29853,8.6076e+05,90683,3.2783e+05,5.4781e+05,15973,8857.9,13843,0,0,0,0,0,0,0,0,0,0,0,0,0,0,0,0,0,0,0,0,0,0,0,0,0,0,0,0,0,0,0,0,0,0,0,0,0,0,0,0,4.2148e+05,1.6432e+05,59706,1.5301e+06,26165,5.3745e+05,1.0629e+06,18968,1154.3,10.001
1.2118e+05,54174,10.106,1.7997e+05,1.2769e+05,3.0336e+05,1.4937e+05,10.032,30141,48118,0,0,0,0,0,0,0,0,0,0,0,0,0,0,0,0,0,0,0,0,0,0,0,0,0,0,0,0,0,0,0,0,0,0,0,0,0,0,0,0,2.9674e+05,82160,27027,8.3133e+05,90683,2.2636e+05,5.4781e+05,8090.3,27195,13585,0,0,0,0,0,0,0,0,0,0,0,0,0,0,0,0,0,0,0,0,0,0,0,0,0,0,0,0,0,0,0,0,0,0,0,0,0,0,0,0,4.2148e+05,1.6432e+05,54055,1.5301e+06,27614,4.5272e+05,1.0629e+06,15973,1154.3,10.001
1.2121e+05,54174,10.103,89290,43566,87088,86025,10.005,7813.8,20586,0,0,0,0,0,0,0,0,0,0,0,0,0,0,0,0,0,0,0,0,0,0,0,0,0,0,0,0,0,0,0,0,0,0,0,0,0,0,0,0,2.9674e+05,82160,18279,7.946e+05,8662.5,2.4587e+05,5.4781e+05,6489.1,384.76,572.95,0,0,0,0,0,0,0,0,0,0,0,0,0,0,0,0,0,0,0,0,0,0,0,0,0,0,0,0,0,0,0,0,0,0,0,0,0,0,0,0,4.2148e+05,1.6432e+05,36558,1.5228e+06,17325,4.5272e+05,1.0629e+06,12978,769.53,1145.9
93000,39256,10.013,62795,44409,1.0099e+05,46991,10.008,10436,20586,0,0,0,0,0,0,0,0,0,0,0,0,0,0,0,0,0,0,0,0,0,0,0,0,0,0,0,0,0,0,0,0,0,0,0,0,0,0,0,0,2.988e+05,82160,14149,7.4e+05,8407.7,2.5563e+05,5.4781e+05,2495.8,961.91,1289.1,0,0,0,0,0,0,0,0,0,0,0,0,0,0,0,0,0,0,0,0,0,0,0,0,0,0,0,0,0,0,0,0,0,0,0,0,0,0,0,0,4.2148e+05,1.6432e+05,28299,1.4721e+06,15287,4.5272e+05,1.0629e+06,4991.6,1923.8,2578.3
34278,16246,9.9946,1.0732e+05,79080,1.959e+05,82865,10.011,18051,30995,0,0,0,0,0,0,0,0,0,0,0,0,0,0,0,0,0,0,0,0,0,0,0,0,0,0,0,0,0,0,0,0,0,0,0,0,0,0,0,0,3.0325e+05,82160,15983,6.8703e+05,26007,2.81e+05,5.4781e+05,2995,1154.3,1575.6,0,0,0,0,0,0,0,0,0,0,0,0,0,0,0,0,0,0,0,0,0,0,0,0,0,0,0,0,0,0,0,0,0,0,0,0,0,0,0,0,4.2148e+05,1.6432e+05,28299,1.3741e+06,26497,4.5528e+05,1.0629e+06,5989.9,2308.6,3151.2
1.3047e+05,63552,10.029,1.4776e+05,89714,2.0149e+05,1.3071e+05,10.04,19980,36303,0,0,0,0,0,0,0,0,0,0,0,0,0,0,0,0,0,0,0,0,0,0,0,0,0,0,0,0,0,0,0,0,0,0,0,0,0,0,0,0,3.0866e+05,82160,26093,6.8703e+05,43379,2.6539e+05,5.4781e+05,8361,2885.7,3509.3,0,0,0,0,0,0,0,0,0,0,0,0,0,0,0,0,0,0,0,0,0,0,0,0,0,0,0,0,0,0,0,0,0,0,0,0,0,0,0,0,4.2148e+05,1.6432e+05,28397,1.3741e+06,18344,4.5528e+05,1.0629e+06,6988.3,5771.4,4870.1
1.4271e+05,64059,10.089,1.4776e+05,68141,1.2902e+05,1.3391e+05,10.015,11576,31879,0,0,0,0,0,0,0,0,0,0,0,0,0,0,0,0,0,0,0,0,0,0,0,0,0,0,0,0,0,0,0,0,0,0,0,0,0,0,0,0,3.0866e+05,82160,28063,6.8703e+05,6114.7,3.1302e+05,5.4781e+05,9983.2,4424.8,3867.4,0,0,0,0,0,0,0,0,0,0,0,0,0,0,0,0,0,0,0,0,0,0,0,0,0,0,0,0,0,0,0,0,0,0,0,0,0,0,0,0,4.2148e+05,1.6432e+05,28397,1.3741e+06,12229,4.5528e+05,1.0629e+06,19966,8849.6,7734.8
1.1993e+05,60539,10.03,1.4776e+05,68553,1.3619e+05,1.3457e+05,10.018,14769,31879,0,0,0,0,0,0,0,0,0,0,0,0,0,0,0,0,0,0,0,0,0,0,0,0,0,0,0,0,0,0,0,0,0,0,0,0,0,0,0,0,3.0866e+05,82160,28063,6.8703e+05,5350.4,3.2724e+05,5.4781e+05,12479,5579.1,3151.2,0,0,0,0,0,0,0,0,0,0,0,0,0,0,0,0,0,0,0,0,0,0,0,0,0,0,0,0,0,0,0,0,0,0,0,0,0,0,0,0,4.2148e+05,1.6432e+05,28397,1.3741e+06,9936.4,4.5528e+05,1.0629e+06,24958,11158,6302.4
78927,37911,10.02,62088,65386,1.3619e+05,46688,10.011,15116,31879,0,0,0,0,0,0,0,0,0,0,0,0,0,0,0,0,0,0,0,0,0,0,0,0,0,0,0,0,0,0,0,0,0,0,0,0,0,0,0,0,3.0866e+05,82160,28063,6.6795e+05,5095.6,3.7132e+05,5.4781e+05,16972,7695.3,5586.3,0,0,0,0,0,0,0,0,0,0,0,0,0,0,0,0,0,0,0,0,0,0,0,0,0,0,0,0,0,0,0,0,0,0,0,0,0,0,0,0,4.2148e+05,1.6432e+05,28397,1.3359e+06,10191,4.9489e+05,1.0629e+06,33943,15391,11173
46252,23755,10.014,59851,31944,70236,46767,10.008,6805.4,13696,0,0,0,0,0,0,0,0,0,0,0,0,0,0,0,0,0,0,0,0,0,0,0,0,0,0,0,0,0,0,0,0,0,0,0,0,0,0,0,0,3.0866e+05,82160,28063,6.6795e+05,3566.9,4.4157e+05,5.4781e+05,16972,9426.7,6016,0,0,0,0,0,0,0,0,0,0,0,0,0,0,0,0,0,0,0,0,0,0,0,0,0,0,0,0,0,0,0,0,0,0,0,0,0,0,0,0,4.2148e+05,1.6432e+05,28510,1.3359e+06,7133.8,6.0079e+05,1.0629e+06,33943,17122,11817
40608,24247,10.014,81116,29442,22578,79444,10.002,2025.8,13696,0,0,0,0,0,0,0,0,0,0,0,0,0,0,0,0,0,0,0,0,0,0,0,0,0,0,0,0,0,0,0,0,0,0,0,0,0,0,0,0,3.228e+05,82160,29868,6.6795e+05,3057.4,6.4595e+05,5.4781e+05,14975,12312,6553.1,0,0,0,0,0,0,0,0,0,0,0,0,0,0,0,0,0,0,0,0,0,0,0,0,0,0,0,0,0,0,0,0,0,0,0,0,0,0,0,0,4.2148e+05,1.6432e+05,29812,1.3359e+06,6114.7,7.0602e+05,1.0629e+06,29950,23759,13106
1.5543e+05,67639,10.111,1.2968e+05,1.5257e+05,3.9975e+05,89572,10.037,36666,49255,0,0,0,0,0,0,0,0,0,0,0,0,0,0,0,0,0,0,0,0,0,0,0,0,0,0,0,0,0,0,0,0,0,0,0,0,0,0,0,0,3.3802e+05,82160,32316,6.6795e+05,3566.9,9.2077e+05,5.4781e+05,15973,16160,7018.6,0,0,0,0,0,0,0,0,0,0,0,0,0,0,0,0,0,0,0,0,0,0,0,0,0,0,0,0,0,0,0,0,0,0,0,0,0,0,0,0,4.2148e+05,1.6432e+05,31250,1.3359e+06,7133.8,9.3281e+05,1.0629e+06,31946,32320,14037
1.3581e+05,66742,10.013,1.2645e+05,1.6284e+05,4.3555e+05,74120,10.057,43290,49522,0,0,0,0,0,0,0,0,0,0,0,0,0,0,0,0,0,0,0,0,0,0,0,0,0,0,0,0,0,0,0,0,0,0,0,0,0,0,0,0,3.3883e+05,82160,32780,6.6795e+05,7006.4,1.212e+06,5.4781e+05,8485.8,20200,9310.4,0,0,0,0,0,0,0,0,0,0,0,0,0,0,0,0,0,0,0,0,0,0,0,0,0,0,0,0,0,0,0,0,0,0,0,0,0,0,0,0,4.2148e+05,1.6432e+05,31693,1.3359e+06,12006,1.1066e+06,1.0629e+06,16972,40400,18621
1.5906e+05,69614,10.048,70966,45005,93539,70711,10.005,8392.5,17741,0,0,0,0,0,0,0,0,0,0,0,0,0,0,0,0,0,0,0,0,0,0,0,0,0,0,0,0,0,0,0,0,0,0,0,0,0,0,0,0,3.3883e+05,82160,32780,6.6795e+05,11210,1.3254e+06,5.4781e+05,3993.3,27030,12175,0,0,0,0,0,0,0,0,0,0,0,0,0,0,0,0,0,0,0,0,0,0,0,0,0,0,0,0,0,0,0,0,0,0,0,0,0,0,0,0,4.2148e+05,1.6432e+05,31693,1.3359e+06,22421,1.1908e+06,1.0629e+06,7986.6,51943,22918
81034,33653,10.005,1.9325e+05,2.629e+05,7.0916e+05,69695,10.013,70484,78501,0,0,0,0,0,0,0,0,0,0,0,0,0,0,0,0,0,0,0,0,0,0,0,0,0,0,0,0,0,0,0,0,0,0,0,0,0,0,0,0,3.3883e+05,82160,32780,6.6795e+05,34905,1.4944e+06,5.4781e+05,1497.5,37899,13035,0,0,0,0,0,0,0,0,0,0,0,0,0,0,0,0,0,0,0,0,0,0,0,0,0,0,0,0,0,0,0,0,0,0,0,0,0,0,0,0,4.2148e+05,1.6432e+05,31693,1.3359e+06,58915,1.3258e+06,1.0629e+06,2995,75798,26069
46231,22702,10.002,53941,1.2366e+05,3.7081e+05,35462,10.006,33176,36883,0,0,0,0,0,0,0,0,0,0,0,0,0,0,0,0,0,0,0,0,0,0,0,0,0,0,0,0,0,0,0,0,0,0,0,0,0,0,0,0,3.3883e+05,82159,32780,6.7609e+05,39236,1.4944e+06,5.4781e+05,1497.5,44633,14324,0,0,0,0,0,0,0,0,0,0,0,0,0,0,0,0,0,0,0,0,0,0,0,0,0,0,0,0,0,0,0,0,0,0,0,0,0,0,0,0,4.2148e+05,1.6432e+05,31693,1.3359e+06,78472,1.3258e+06,1.0629e+06,2995,89265,28647
92746,42376,10.035,31514,1.1446e+05,3.5158e+05,24099,10.003,31544,32186,0,0,0,0,0,0,0,0,0,0,0,0,0,0,0,0,0,0,0,0,0,0,0,0,0,0,0,0,0,0,0,0,0,0,0,0,0,0,0,0,3.3883e+05,82159,32780,6.8816e+05,46370,1.4944e+06,5.4781e+05,4991.6,48865,16902,0,0,0,0,0,0,0,0,0,0,0,0,0,0,0,0,0,0,0,0,0,0,0,0,0,0,0,0,0,0,0,0,0,0,0,0,0,0,0,0,4.2148e+05,1.6432e+05,31693,1.3359e+06,92740,1.3258e+06,1.0629e+06,9983.2,95614,33804
1.1686e+05,51765,10.065,2.2507e+05,2.5261e+05,6.8874e+05,1.5917e+05,10.03,63177,86080,0,0,0,0,0,0,0,0,0,0,0,0,0,0,0,0,0,0,0,0,0,0,0,0,0,0,0,0,0,0,0,0,0,0,0,0,0,0,0,0,3.3883e+05,82159,32780,7.253e+05,55032,1.4944e+06,5.4781e+05,4492.5,55598,19624,0,0,0,0,0,0,0,0,0,0,0,0,0,0,0,0,0,0,0,0,0,0,0,0,0,0,0,0,0,0,0,0,0,0,0,0,0,0,0,0,4.2148e+05,1.6432e+05,31693,1.3359e+06,1.1006e+05,1.3373e+06,1.0629e+06,8984.9,1.112e+05,39247
1.2854e+05,51938,10.071,2.6278e+05,2.6056e+05,6.9363e+05,1.7678e+05,10.061,64102,91234,0,0,0,0,0,0,0,0,0,0,0,0,0,0,0,0,0,0,0,0,0,0,0,0,0,0,0,0,0,0,0,0,0,0,0,0,0,0,0,0,3.3883e+05,82159,32780,7.6245e+05,69876,1.1084e+06,5.4781e+05,3494.1,60985,21199,0,0,0,0,0,0,0,0,0,0,0,0,0,0,0,0,0,0,0,0,0,0,0,0,0,0,0,0,0,0,0,0,0,0,0,0,0,0,0,0,4.2148e+05,1.6432e+05,31693,1.3359e+06,1.1618e+05,1.3373e+06,1.0629e+06,998.33,1.2197e+05,42398
1.2044e+05,51142,10.007,1.2032e+05,1.942e+05,5.2003e+05,44744,10.005,52458,78897,0,0,0,0,0,0,0,0,0,0,0,0,0,0,0,0,0,0,0,0,0,0,0,0,0,0,0,0,0,0,0,0,0,0,0,0,0,0,0,0,3.3883e+05,82159,32780,8.0164e+05,1.3814e+05,5.8541e+05,5.3414e+05,3494.1,70027,22345,0,0,0,0,0,0,0,0,0,0,0,0,0,0,0,0,0,0,0,0,0,0,0,0,0,0,0,0,0,0,0,0,0,0,0,0,0,0,0,0,4.2148e+05,1.6432e+05,31693,1.3359e+06,1.3452e+05,1.1708e+06,1.0629e+06,10.001,1.4005e+05,44690
41711,22714,10.003,3.4036e+05,1.942e+05,4.4054e+05,2.8379e+05,10.015,42675,81489,0,0,0,0,0,0,0,0,0,0,0,0,0,0,0,0,0,0,0,0,0,0,0,0,0,0,0,0,0,0,0,0,0,0,0,0,0,0,0,0,3.3883e+05,81627,32780,8.6675e+05,1.3814e+05,2.9678e+05,4.6355e+05,48.012,73297,22345,0,0,0,0,0,0,0,0,0,0,0,0,0,0,0,0,0,0,0,0,0,0,0,0,0,0,0,0,0,0,0,0,0,0,0,0,0,0,0,0,4.2148e+05,1.6325e+05,31693,1.3359e+06,1.651e+05,3.4344e+05,9.2711e+05,10.001,1.4496e+05,44690
44658,22714,10.005,1.7854e+05,1.3159e+05,3.2522e+05,1.3375e+05,10.009,30057,51532,0,0,0,0,0,0,0,0,0,0,0,0,0,0,0,0,0,0,0,0,0,0,0,0,0,0,0,0,0,0,0,0,0,0,0,0,0,0,0,0,3.3883e+05,74421,32780,8.7025e+05,1.0264e+05,89142,3.3975e+05,10.004,80608,22918,0,0,0,0,0,0,0,0,0,0,0,0,0,0,0,0,0,0,0,0,0,0,0,0,0,0,0,0,0,0,0,0,0,0,0,0,0,0,0,0,4.2148e+05,1.4884e+05,31693,1.3359e+06,1.849e+05,1.405e+05,6.795e+05,10.001,1.6122e+05,45836
73430,28093,10.099,1.7563e+05,1.2602e+05,2.9444e+05,1.2301e+05,10.019,28162,49586,0,0,0,0,0,0,0,0,0,0,0,0,0,0,0,0,0,0,0,0,0,0,0,0,0,0,0,0,0,0,0,0,0,0,0,0,0,0,0,0,3.3883e+05,56346,32780,8.5975e+05,1.0599e+05,77692,2.2328e+05,10.002,82339,21056,0,0,0,0,0,0,0,0,0,0,0,0,0,0,0,0,0,0,0,0,0,0,0,0,0,0,0,0,0,0,0,0,0,0,0,0,0,0,0,0,4.2148e+05,1.1269e+05,31693,1.3359e+06,2.0612e+05,10.011,4.4657e+05,10,1.6468e+05,42112
1.0626e+05,54331,10.19,2.9771e+05,1.3858e+05,2.9141e+05,2.7496e+05,10.026,28162,67314,0,0,0,0,0,0,0,0,0,0,0,0,0,0,0,0,0,0,0,0,0,0,0,0,0,0,0,0,0,0,0,0,0,0,0,0,0,0,0,0,3.3883e+05,54875,34231,8.7335e+05,1.121e+05,90969,2.1507e+05,10.002,86187,20913,0,0,0,0,0,0,0,0,0,0,0,0,0,0,0,0,0,0,0,0,0,0,0,0,0,0,0,0,0,0,0,0,0,0,0,0,0,0,0,0,4.2148e+05,1.0975e+05,31693,1.3359e+06,2.2115e+05,10.019,4.3013e+05,10.001,1.7237e+05,41825
76523,48239,10.018,3.1715e+05,1.5847e+05,3.198e+05,2.7706e+05,10.033,29332,72226,0,0,0,0,0,0,0,0,0,0,0,0,0,0,0,0,0,0,0,0,0,0,0,0,0,0,0,0,0,0,0,0,0,0,0,0,0,0,0,0,3.3883e+05,50480,36358,8.6969e+05,1.2178e+05,2.7319e+05,1.623e+05,10.003,85995,19480,0,0,0,0,0,0,0,0,0,0,0,0,0,0,0,0,0,0,0,0,0,0,0,0,0,0,0,0,0,0,0,0,0,0,0,0,0,0,0,0,4.2148e+05,1.0096e+05,31693,1.3359e+06,2.3873e+05,5.0049e+05,3.076e+05,10.003,1.7199e+05,38961
61687,27615,10.009,3.0358e+05,2.2751e+05,5.5676e+05,2.1182e+05,10.044,53024,86593,0,0,0,0,0,0,0,0,0,0,0,0,0,0,0,0,0,0,0,0,0,0,0,0,0,0,0,0,0,0,0,0,0,0,0,0,0,0,0,0,3.3883e+05,36693,37744,8.7132e+05,1.3554e+05,7.6494e+05,1.2998e+05,10.004,88303,19910,0,0,0,0,0,0,0,0,0,0,0,0,0,0,0,0,0,0,0,0,0,0,0,0,0,0,0,0,0,0,0,0,0,0,0,0,0,0,0,0,4.2148e+05,73385,31693,1.3359e+06,2.7109e+05,1.0266e+06,2.5643e+05,10.003,1.7199e+05,39175
1.1085e+05,71039,10.055,2.9716e+05,2.5814e+05,6.4774e+05,2.1182e+05,10.043,64379,88348,0,0,0,0,0,0,0,0,0,0,0,0,0,0,0,0,0,0,0,0,0,0,0,0,0,0,0,0,0,0,0,0,0,0,0,0,0,0,0,0,2.6901e+05,23835,38122,8.7132e+05,1.2434e+05,1.1845e+06,97662,10.001,92536,19624,0,0,0,0,0,0,0,0,0,0,0,0,0,0,0,0,0,0,0,0,0,0,0,0,0,0,0,0,0,0,0,0,0,0,0,0,0,0,0,0,4.2148e+05,47670,31693,1.3359e+06,2.4866e+05,1.1451e+06,1.3941e+05,10.003,1.7199e+05,39247
50622,33648,10.014,1.7385e+05,2.2676e+05,6.4021e+05,1.4501e+05,10.011,57279,75958,0,0,0,0,0,0,0,0,0,0,0,0,0,0,0,0,0,0,0,0,0,0,0,0,0,0,0,0,0,0,0,0,0,0,0,0,0,0,0,0,2.6901e+05,13598,38122,8.7132e+05,1.3249e+05,1.1845e+06,74476,10.008,93690,19767,0,0,0,0,0,0,0,0,0,0,0,0,0,0,0,0,0,0,0,0,0,0,0,0,0,0,0,0,0,0,0,0,0,0,0,0,0,0,0,0,4.2148e+05,27195,31693,1.3359e+06,2.6497e+05,1.1451e+06,91652,10.005,1.7199e+05,39247
29830,24876,10.015,1.528e+05,1.7031e+05,4.6906e+05,1.3427e+05,10.01,41967,59520,0,0,0,0,0,0,0,0,0,0,0,0,0,0,0,0,0,0,0,0,0,0,0,0,0,0,0,0,0,0,0,0,0,0,0,0,0,0,0,0,2.6901e+05,13598,38122,8.6747e+05,1.4166e+05,1.1845e+06,68855,10.007,90804,16043,0,0,0,0,0,0,0,0,0,0,0,0,0,0,0,0,0,0,0,0,0,0,0,0,0,0,0,0,0,0,0,0,0,0,0,0,0,0,0,0,4.2148e+05,27195,31693,1.3359e+06,2.6497e+05,1.1451e+06,68855,10.005,1.7199e+05,32085
